[
    {
        "ParameterKey": "pEnv",
        "ParameterValue": "qa"
    },
    {
        "ParameterKey": "pDomainVPC",
        "ParameterValue": "vpc-errormonitoring-av7g623fxjs26iudjpkxrvnmya.us-west-2.es.amazonaws.com"
    },
    {
        "ParameterKey": "pSecurityGrpID",
        "ParameterValue": "sg-d9c1b4a6"
    },
    {
        "ParameterKey": "pSubnetID1",
        "ParameterValue": "subnet-5e6f0007"
    },
    {
        "ParameterKey": "pSubnetID2",
        "ParameterValue": "subnet-6816921f"
    }	
]