[
    
    {
        "ParameterKey": "pRedshiftConnection",
        "ParameterValue": "Redshift_DWSTG_DW_QA"
    },
    {
        "ParameterKey": "pDb2Connection",
        "ParameterValue": "PFPDB2QA"
    },
    {
        "ParameterKey": "pSnsId",
        "ParameterValue": "520495760791"
    },
    {
        "ParameterKey": "ScriptBucketName",
        "ParameterValue": "whg-s3-usw2a-codebase-qa"
    },
    {
        "ParameterKey": "BlueBucketName",
        "ParameterValue": "whg-s3-usw2a-blueterminal-qa"
    },    
    {
        "ParameterKey": "RedBucketName",
        "ParameterValue": "whg-s3-usw2a-redterminal-qa"
    },
    {
        "ParameterKey": "GoldBucketName",
        "ParameterValue": "whg-s3-usw2a-goldterminal-qa"
    },
    {
        "ParameterKey": "ErrorBucketName",
        "ParameterValue": "whg-s3-usw2a-errorterminal-qa"
    },
    {
        "ParameterKey": "pEnv",
        "ParameterValue": "qa"
    },
    {
        "ParameterKey": "pNumberOfWorkers",
        "ParameterValue": "5"
    },
    {
        "ParameterKey": "SNSEmailNotification1",
        "ParameterValue": "sanjeet.kumar@wyndham.com"
    },
    {
        "ParameterKey": "SNSEmailNotification2",
        "ParameterValue": "navaneeth.sivappan@wyndham.com"
    }
	
	
]