[
    {
      "ParameterKey": "IAMRoleName",
      "ParameterValue": "whg-iam-role-LkupBloombergCrncy-glue-prod"
    }, 
    {
      "ParameterKey": "IAMPolicyName",
      "ParameterValue": "whg-iam-policy-LkupBloombergCrncy-glue-prod"
    },
    {
      "ParameterKey": "JobName",
      "ParameterValue": "WHG-Glue-USW2-LkupBloombergCrncy-PROD"
    }, 
    {
      "ParameterKey": "ScriptBucketName",
      "ParameterValue": "whg-s3-usw2a-codebase-prod"
    }, 
    {
      "ParameterKey": "RsSchemaName",
      "ParameterValue": "dw"
    },
    {
      "ParameterKey": "BlueBucketName",
      "ParameterValue": "whg-s3-usw2a-blueterminal-prod"
    },
    {
      "ParameterKey": "Database",
      "ParameterValue": "dvprod"
    },
    {
      "ParameterKey": "SNSTopicName",
      "ParameterValue": "LkupBloombergCrncy-Alerts-PROD"
    },
    {
      "ParameterKey": "RsTableName",
      "ParameterValue": "lkup_bloomberg_crncy"
    },
    {
      "ParameterKey": "RedshiftConnection",
      "ParameterValue": "Redshift-Prod"
    },
    {
      "ParameterKey": "RedshiftDWConnection",
      "ParameterValue": "PFPRedshiftProd"
    },
    {
      "ParameterKey": "LkupBloombergCrncyGlueLogGroupName",
      "ParameterValue": "/aws/glue/lkupbloombergcrncy-batch-run-PROD"
    },
	  {
      "ParameterKey": "Environment",
      "ParameterValue": "PROD"
    },
    {
      "ParameterKey": "GlueTriggerName",
      "ParameterValue": "WHG-Glue-Trigger-USW2-LkupBloombergCrncy-PROD"
    },
    {
      "ParameterKey": "DynamoTable",
      "ParameterValue": "table/WHG-DynamoDB-USW2-LkupBloombergCrncy-PROD"
    },
    {
      "ParameterKey": "KMSkey",
      "ParameterValue": "key/b1c85585-cfa1-43d1-811b-03d46bdec7bb"
    }
]
  
  