[
    {
      "ParameterKey": "IAMRoleName",
      "ParameterValue": "whg-iam-role-LkupBloombergCrncy-glue-qa"
    }, 
    {
      "ParameterKey": "IAMPolicyName",
      "ParameterValue": "whg-iam-policy-LkupBloombergCrncy-glue-qa"
    },
    {
      "ParameterKey": "JobName",
      "ParameterValue": "WHG-Glue-USW2-LkupBloombergCrncy-QA"
    }, 
    {
      "ParameterKey": "ScriptBucketName",
      "ParameterValue": "whg-s3-usw2a-codebase-qa"
    }, 
    {
      "ParameterKey": "RsSchemaName",
      "ParameterValue": "dw"
    },
    {
      "ParameterKey": "BlueBucketName",
      "ParameterValue": "whg-s3-usw2a-blueterminal-qa"
    },
    {
      "ParameterKey": "Database",
      "ParameterValue": "dwhqa"
    },
    {
      "ParameterKey": "SNSTopicName",
      "ParameterValue": "LkupBloombergCrncy-Alerts-QA"
    },
    {
      "ParameterKey": "RsTableName",
      "ParameterValue": "lkup_bloomberg_crncy"
    },
    {
      "ParameterKey": "RedshiftConnection",
      "ParameterValue": "RedshiftQA"
    },
    {
      "ParameterKey": "RedshiftDWConnection",
      "ParameterValue": "PFPRedshiftQA"
    },
    {
      "ParameterKey": "LkupBloombergCrncyGlueLogGroupName",
      "ParameterValue": "/aws/glue/lkupbloombergcrncy-batch-run-QA"
    },
	  {
      "ParameterKey": "Environment",
      "ParameterValue": "QA"
    },
    {
        "ParameterKey": "GlueTriggerName",
        "ParameterValue": "WHG-Glue-Trigger-USW2-LkupBloombergCrncy-QA"
    },
    {
      "ParameterKey": "DynamoTable",
      "ParameterValue": "table/WHG-DynamoDB-USW2-LkupBloombergCrncy-QA"
    },
    {
      "ParameterKey": "KMSkey",
      "ParameterValue": "key/6b85f3c8-8d94-4913-8aee-8a385d9d382b"
    }
]
  
  