[
    {
      "ParameterKey": "IAMRoleName",
      "ParameterValue": "whg-iam-role-loyalty-point-earnings-glue-one-qa"
    },
    {
      "ParameterKey": "IAMPolicyName",
      "ParameterValue": "whg-iam-policy-loyalty-point-earnings-glue-one-qa"
    },
    {
      "ParameterKey": "JobName",
      "ParameterValue": "WHG-Glue-USW2-Loyalty-PointEarnings-QA"
    },
    {
      "ParameterKey": "ScriptBucketName",
      "ParameterValue": "whg-s3-usw2a-codebase-qa"
    },
    {
      "ParameterKey": "SchemaName",
      "ParameterValue": "dwstg"
    },
    {
      "ParameterKey": "LogBucketName",
      "ParameterValue": "whg-s3-usw2a-blueterminal-qa"
    },
    {
      "ParameterKey": "ErrorBucketName",
      "ParameterValue": "whg-s3-usw2a-errorterminal-qa"
    },
    {
      "ParameterKey": "Database",
      "ParameterValue": "dwhqa"
    },
    {
      "ParameterKey": "SNSTopicName",
      "ParameterValue": "Loyalty-Point-Earnings-Alerts-QA"
    },
    {
      "ParameterKey": "TableName",
      "ParameterValue": "stg_lylty_pnts_ernings"
    },
    {
      "ParameterKey": "RedshiftConnection",
      "ParameterValue": "RedshiftQA"
    },
    {
      "ParameterKey": "LoyaltyPointEarningsGlueLogGroupName",
      "ParameterValue": "/aws/glue/LoyaltyPointEarningsGlue-QA"
    },
    {
      "ParameterKey": "AuditTable",
      "ParameterValue": "prcs_cntrl_log"
    },
    {
      "ParameterKey": "ErrorTable",
      "ParameterValue": "stg_glue_error"
    },
    {
      "ParameterKey": "StgErrorTable",
      "ParameterValue": "stg_lylty_pnts_ernings_error"
    },
    {
      "ParameterKey": "LoadErrorView",
      "ParameterValue": "stl_load_errors_view"
    }
]