[
    {
      "ParameterKey": "IAMRoleName",
      "ParameterValue": "whg-iam-role-loyalty-redemptions-glue-one-qa"
    },
    {
      "ParameterKey": "IAMPolicyName",
      "ParameterValue": "whg-iam-policy-loyalty-redemptions-glue-one-qa"
    },
    {
      "ParameterKey": "JobName",
      "ParameterValue": "WHG-Glue-USW2-Loyalty-Redemptions-QA"
    },
    {
      "ParameterKey": "ScriptBucketName",
      "ParameterValue": "whg-s3-usw2a-codebase-qa"
    },
    {
      "ParameterKey": "SchemaName",
      "ParameterValue": "dwstg"
    },
    {
      "ParameterKey": "LogBucketName",
      "ParameterValue": "whg-s3-usw2a-blueterminal-qa"
    },
    {
      "ParameterKey": "ErrorBucketName",
      "ParameterValue": "whg-s3-usw2a-errorterminal-qa"
    },
    {
      "ParameterKey": "Database",
      "ParameterValue": "dwhqa"
    },
    {
      "ParameterKey": "SNSTopicName",
      "ParameterValue": "Loyalty-Redemptions-Glue-Alerts-QA"
    },
    {
      "ParameterKey": "TableName",
      "ParameterValue": "stg_lylty_redemption"
    },
    {
      "ParameterKey": "RedshiftConnection",
      "ParameterValue": "RedshiftQA"
    },
    {
        "ParameterKey": "GlueTriggerName",
        "ParameterValue": "WHG-Glue-Trigger-USW2-Loyalty-Redemptions-QA"
    },
    {
      "ParameterKey": "LoyaltyRedemptionsGlueLogGroupName",
      "ParameterValue": "/aws/glue/LoyaltyRedemptionsGlue-QA"
    },
    {
      "ParameterKey": "AuditTable",
      "ParameterValue": "prcs_cntrl_log"
    },
    {
      "ParameterKey": "ErrorTable",
      "ParameterValue": "stg_glue_error"
    },
    {
      "ParameterKey": "StgErrorTable",
      "ParameterValue": "stg_lylty_redemption_error"
    },
    {
      "ParameterKey": "LoadErrorView",
      "ParameterValue": "stl_load_errors_view"
    }
]