[
  {
    "ParameterKey": "DOMAINNAME",
    "ParameterValue": "whg-errormonitoring"
  },

  {
    "ParameterKey": "DomainAdminEmail",
    "ParameterValue": "satya.kotturu@wyndham.com"
  },

  {
    "ParameterKey": "ClusterSize",
    "ParameterValue": "Large"
  },

  {
    "ParameterKey": "SecurityGroupList",
    "ParameterValue": "sg-0d5d915bc71c9cbcb"
  },

  {
    "ParameterKey": "SubnetList",
    "ParameterValue": "subnet-3948005c,subnet-cf1f71b8"
  },
  {
    "ParameterKey": "pSecretString",
    "ParameterValue": "{\"esmasterusername\":\"whgesmaster\",\"espassword\" : \"Whgesmasterhotelgroup2021$\"}"
  },
  {
    "ParameterKey": "pEnv",
    "ParameterValue": "PROD"
  },
  {
    "ParameterKey": "AlertEmails",
    "ParameterValue": "WHRDataServices@wyndham.com,HIT_ProductionSystemsSupport@wyndham.com"
  }
]
