[
  {
    "ParameterKey": "IAMRoleName",
    "ParameterValue": "whg-iam-role-stay-data_error-glue-one-qa"
  },
  {
    "ParameterKey": "IAMPolicyName",
    "ParameterValue": "whg-iam-policy-stay-data_error-glue-one-qa"
  },
  {
    "ParameterKey": "JobName",
    "ParameterValue": "WHG-Glue-UW2-Stay-Data-Error-Email-Report-QA"
  },
  {
    "ParameterKey": "ScriptBucketName",
    "ParameterValue": "whg-s3-usw2a-codebase-qa"
  },
  {
    "ParameterKey": "SchemaName",
    "ParameterValue": "dwstg"
  },
  {
    "ParameterKey": "LogBucketName",
    "ParameterValue": "whg-s3-usw2a-blueterminal-qa"
  },
  {
    "ParameterKey": "ErrorBucketName",
    "ParameterValue": "whg-s3-usw2a-errorterminal-qa"
  },
  {
    "ParameterKey": "Database",
    "ParameterValue": "dwhqa"
  },
  {
    "ParameterKey": "SNSTopic",
    "ParameterValue": "Stay-Data-Error-Email-Alerts-QA"
  },
  {
    "ParameterKey": "RedshiftConnection",
    "ParameterValue": "RedshiftQA"
  },
  {
    "ParameterKey": "Environment",
    "ParameterValue": "QA"
  }
]