[
    {
      "ParameterKey": "IAMRoleName",
      "ParameterValue": "whg-iam-role-loyalty-member-resync-glue-one-prod"
    },
    {
      "ParameterKey": "IAMPolicyName",
      "ParameterValue": "whg-iam-policy-loyalty-member-resync-glue-one-prod"
    },
    {
      "ParameterKey": "JobName",
      "ParameterValue": "whg-glue-usw2-loyalty-member-resync-prod"
    },
    {
      "ParameterKey": "ScriptBucketName",
      "ParameterValue": "whg-s3-usw2a-codebase-prod"
    },
    {
      "ParameterKey": "SchemaName",
      "ParameterValue": "dwstg"
    },
    {
      "ParameterKey": "SourceBucketName",
      "ParameterValue": "whg-s3-usw2a-redterminal-prod"
    },
	{
      "ParameterKey": "BlueBucketName",
      "ParameterValue": "whg-s3-usw2a-blueterminal-prod"
    },
	{
      "ParameterKey": "GoldBucketName",
      "ParameterValue": "whg-s3-usw2a-goldterminal-prod"
    },
    {
      "ParameterKey": "ErrorBucketName",
      "ParameterValue": "whg-s3-usw2a-errorterminal-prod"
    },
    {
      "ParameterKey": "Database",
      "ParameterValue": "dvprod"
    },
    {
      "ParameterKey": "SNSTopicName",
      "ParameterValue": "loyalty-member-resync-alerts-prod"
    },
    {
      "ParameterKey": "TableName",
      "ParameterValue": "stg_dim_loylty_mbr_onetime_sync"
    },
    {
      "ParameterKey": "RedshiftConnection",
      "ParameterValue": "Redshift-Prod-DW-DWSTG"
    },
    {
      "ParameterKey": "MemberResyncGlueLogGroupName",
      "ParameterValue": "/aws/glue/loyaltymemberresyncGlue-prod"
    },
    {
      "ParameterKey": "AuditTable",
      "ParameterValue": "prcs_cntrl_log"
    },
    {
      "ParameterKey": "ErrorTable",
      "ParameterValue": "stg_glue_error"
    },
    {
      "ParameterKey": "LoadErrorView",
      "ParameterValue": "stl_load_errors_view"
    },
	{
      "ParameterKey": "Env",
      "ParameterValue": "prod"
    }
]