[
    {
        "ParameterKey": "RedshiftConnection",
        "ParameterValue": "Redshift-Prod"
    },
    {
        "ParameterKey": "RedshiftSchemaName",
        "ParameterValue": "dwstg"
    },
    {
        "ParameterKey": "RedshiftDatabase",
        "ParameterValue": "dvprod"
    },
    {
        "ParameterKey": "ScriptBucketName",
        "ParameterValue": "whg-s3-usw2a-codebase-prod"
    },
    {
        "ParameterKey": "SourceBucketName",
        "ParameterValue": "whg-s3-usw2a-blueterminal-prod"
    },
    {
        "ParameterKey": "ErrorBucketName",
        "ParameterValue": "whg-s3-usw2a-errorterminal-prod"
    },
    {
        "ParameterKey": "Env",
        "ParameterValue": "PROD"
    },
    {
        "ParameterKey": "SNSEmailNotification",
        "ParameterValue": "rahul.adepu@wyndham.com"
    }
]