[
    {
        "ParameterKey": "RedshiftConnection",
        "ParameterValue": "RedshiftQA"
    },
    {
        "ParameterKey": "RedshiftSchemaName",
        "ParameterValue": "dwstg"
    },
    {
        "ParameterKey": "RedshiftDatabase",
        "ParameterValue": "dwhqa"
    },
    {
        "ParameterKey": "ScriptBucketName",
        "ParameterValue": "whg-s3-usw2a-codebase-qa"
    },
    {
        "ParameterKey": "SourceBucketName",
        "ParameterValue": "whg-s3-usw2a-blueterminal-qa"
    },    
    {
        "ParameterKey": "ErrorBucketName",
        "ParameterValue": "whg-s3-usw2a-errorterminal-qa"
    },
    {
        "ParameterKey": "Env",
        "ParameterValue": "QA"
    },
    {
        "ParameterKey": "SNSEmailNotification",
        "ParameterValue": "chandrashekar.kalva@wyndham.com"
    }
]