INSERT INTO ahub_dw.file_columns (file_column_id,client_file_id,file_column_name,column_position,table_column_name,is_accumulator,created_by,created_timestamp,updated_by,updated_timestamp) 
VALUES
  (1001,3,'Processor Routing Identification','0:200','To be decided','N','AHUB ETL','2020-04-27 00:13:45.882',NULL,NULL),
  (1002,3,'Record Type ','200:202','To be decided','N','AHUB ETL','2020-04-27 00:15:23.544',NULL,NULL),
  (1003,3,'Transmission File Type ','202:204','To be decided','N','AHUB ETL','2020-04-27 00:15:25.899',NULL,NULL),
  (1005,3,'Sender ID ','206:236','To be decided','N','AHUB ETL','2020-04-27 00:15:26.059',NULL,NULL),
  (1006,3,'Receiver ID ','236:266','To be decided','N','AHUB ETL','2020-04-27 00:15:26.220',NULL,NULL),
  (1007,3,'Submission Number ','266:270','To be decided','N','AHUB ETL','2020-04-27 00:15:26.375',NULL,NULL),
  (1008,3,'Transaction Response Status ','270:271','To be decided','N','AHUB ETL','2020-04-27 00:15:26.567',NULL,NULL),
  (1009,3,'Reject Code','271:274','To be decided','N','AHUB ETL','2020-04-27 00:15:26.726',NULL,NULL),
  (1012,3,'Transmission Date ','299:307','To be decided','N','AHUB ETL','2020-04-27 00:15:26.871',NULL,NULL),
  (1013,3,'Transmission Time ','307:315','To be decided','N','AHUB ETL','2020-04-27 00:15:27.024',NULL,NULL),
  (1014,3,'Date of Service ','315:323','To be decided','N','AHUB ETL','2020-04-27 00:15:27.182',NULL,NULL),
  (1019,3,'Transmission ID ','357:407','To be decided','N','AHUB ETL','2020-04-27 00:15:27.347',NULL,NULL),
  (1020,3,'Benefit Type ','407:408','To be decided','N','AHUB ETL','2020-04-27 00:15:27.503',NULL,NULL),
  (1023,3,'Accumulator Action Code ','410:412','To be decided','N','AHUB ETL','2020-04-27 00:15:27.645',NULL,NULL),
  (1027,3,'Benefit Effective Date ','463:471','To be decided','N','AHUB ETL','2020-04-27 00:15:27.798',NULL,NULL),
  (1028,3,'Benefit Termination Date ','471:479','To be decided','N','AHUB ETL','2020-04-27 00:15:27.956',NULL,NULL),
  (1030,3,'Transaction ID','480:510','To be decided','N','AHUB ETL','2020-04-27 00:15:28.099',NULL,NULL),
  (1037,3,'Patient First Name ','615:640','To be decided','N','AHUB ETL','2020-04-27 00:15:28.254',NULL,NULL),
  (1039,3,'Patient Last Name ','641:676','To be decided','N','AHUB ETL','2020-04-27 00:15:28.399',NULL,NULL),
  (1040,3,'Patient Relationship Code ','676:677','To be decided','N','AHUB ETL','2020-04-27 00:15:28.565',NULL,NULL),
  (1041,3,'Date of Birth ','677:685','To be decided','N','AHUB ETL','2020-04-27 00:15:28.724',NULL,NULL),
  (1042,3,'Patient Gender Code ','685:686','To be decided','N','AHUB ETL','2020-04-27 00:15:28.877',NULL,NULL),
  (1045,3,'Carrier Number ','723:732','To be decided','N','AHUB ETL','2020-04-27 00:15:29.031',NULL,NULL),
  (1046,3,'Contract Number ','732:747','To be decided','N','AHUB ETL','2020-04-27 00:15:29.185',NULL,NULL),
  (1047,3,'Client Pass Through ','747:797','To be decided','N','AHUB ETL','2020-04-27 00:15:29.338',NULL,NULL),
  (1051,3,'Patient ID ','852:872','To be decided','N','AHUB ETL','2020-04-27 00:15:29.528',NULL,NULL),
  (1054,3,'Accumulator Balance Count ','965:967','To be decided','N','AHUB ETL','2020-04-27 00:15:29.711',NULL,NULL),
  (1055,3,'Accumulator Specific Category Type','967:969','To be decided','Y','AHUB ETL','2020-04-27 00:15:29.859',NULL,NULL),
  (1057,3,'Accumulator Balance Qualifier 1','989:991','To be decided','Y','AHUB ETL','2020-04-27 00:15:30.006',NULL,NULL),
  (1058,3,'Accumulator Network Indicator 1','991:992','To be decided','Y','AHUB ETL','2020-04-27 00:15:30.163',NULL,NULL),
  (1059,3,'Accumulator Applied Amount 1','992:1002','To be decided','Y','AHUB ETL','2020-04-27 00:15:30.318',NULL,NULL),
  (1060,3,'Action Code 1','1002:1003','To be decided','Y','AHUB ETL','2020-04-27 00:15:30.518',NULL,NULL),
  (1065,3,'Accumulator Balance Qualifier 2','1025:1027','To be decided','Y','AHUB ETL','2020-04-27 00:15:30.671',NULL,NULL),
  (1066,3,'Accumulator Network Indicator 2','1027:1028','To be decided','Y','AHUB ETL','2020-04-27 00:15:30.827',NULL,NULL),
  (1067,3,'Accumulator Applied Amount 2','1028:1038','To be decided','Y','AHUB ETL','2020-04-27 00:15:30.988',NULL,NULL),
  (1068,3,'Action Code 2','1038:1039','To be decided','Y','AHUB ETL','2020-04-27 00:15:31.184',NULL,NULL),
  (1073,3,'Accumulator Balance Qualifier 3','1061:1063','To be decided','Y','AHUB ETL','2020-04-27 00:15:31.349',NULL,NULL),
  (1074,3,'Accumulator Network Indicator 3','1063:1064','To be decided','Y','AHUB ETL','2020-04-27 00:15:31.496',NULL,NULL),
  (1075,3,'Accumulator Applied Amount 3','1064:1074','To be decided','Y','AHUB ETL','2020-04-27 00:15:31.642',NULL,NULL),
  (1076,3,'Action Code 3','1074:1075','To be decided','Y','AHUB ETL','2020-04-27 00:15:31.810',NULL,NULL),
  (1081,3,'Accumulator Balance Qualifier 4','1097:1099','To be decided','Y','AHUB ETL','2020-04-27 00:15:31.960',NULL,NULL),
  (1082,3,'Accumulator Network Indicator 4','1099:1100','To be decided','Y','AHUB ETL','2020-04-27 00:15:32.112',NULL,NULL),
  (1083,3,'Accumulator Applied Amount 4','1100:1110','To be decided','Y','AHUB ETL','2020-04-27 00:15:32.278',NULL,NULL),
  (1084,3,'Action Code 4','1110:1111','To be decided','Y','AHUB ETL','2020-04-27 00:15:32.445',NULL,NULL),
  (1089,3,'Accumulator Balance Qualifier 5','1133:1135','To be decided','Y','AHUB ETL','2020-04-27 00:15:32.597',NULL,NULL),
  (1090,3,'Accumulator Network Indicator 5','1135:1136','To be decided','Y','AHUB ETL','2020-04-27 00:15:32.748',NULL,NULL),
  (1091,3,'Accumulator Applied Amount 5','1136:1146','To be decided','Y','AHUB ETL','2020-04-27 00:15:32.926',NULL,NULL),
  (1092,3,'Action Code 5','1146:1147','To be decided','Y','AHUB ETL','2020-04-27 00:15:33.083',NULL,NULL),
  (1097,3,'Accumulator Balance Qualifier 6','1169:1171','To be decided','Y','AHUB ETL','2020-04-27 00:15:33.245',NULL,NULL),
  (1098,3,'Accumulator Network Indicator 6','1171:1172','To be decided','Y','AHUB ETL','2020-04-27 00:15:33.395',NULL,NULL),
  (1099,3,'Accumulator Applied Amount 6','1172:1182','To be decided','Y','AHUB ETL','2020-04-27 00:15:33.550',NULL,NULL),
  (1100,3,'Action Code 6','1182:1183','To be decided','Y','AHUB ETL','2020-04-27 00:15:33.705',NULL,NULL),
  (1106,3,'Accumulator Balance Qualifier 7','1229:1231','To be decided','Y','AHUB ETL','2020-04-27 00:15:33.871',NULL,NULL),
  (1107,3,'Accumulator Network Indicator 7','1231:1232','To be decided','Y','AHUB ETL','2020-04-27 00:15:34.023',NULL,NULL),
  (1108,3,'Accumulator Applied Amount 7','1232:1242','To be decided','Y','AHUB ETL','2020-04-27 00:15:34.179',NULL,NULL),
  (1109,3,'Action Code 7','1242:1243','To be decided','Y','AHUB ETL','2020-04-27 00:15:34.346',NULL,NULL),
  (1114,3,'Accumulator Balance Qualifier 8','1265:1267','To be decided','Y','AHUB ETL','2020-04-27 00:15:34.507',NULL,NULL),
  (1115,3,'Accumulator Network Indicator 8','1267:1268','To be decided','Y','AHUB ETL','2020-04-27 00:15:34.664',NULL,NULL),
  (1116,3,'Accumulator Applied Amount 8','1268:1278','To be decided','Y','AHUB ETL','2020-04-27 00:15:34.822',NULL,NULL),
  (1117,3,'Action Code 8','1278:1279','To be decided','Y','AHUB ETL','2020-04-27 00:15:34.981',NULL,NULL),
  (1122,3,'Accumulator Balance Qualifier 9','1301:1303','To be decided','Y','AHUB ETL','2020-04-27 00:15:35.132',NULL,NULL),
  (1123,3,'Accumulator Network Indicator 9','1303:1304','To be decided','Y','AHUB ETL','2020-04-27 00:15:35.277',NULL,NULL),
  (1124,3,'Accumulator Applied Amount 9','1304:1314','To be decided','Y','AHUB ETL','2020-04-27 00:15:35.424',NULL,NULL),
  (1125,3,'Action Code 9','1314:1315','To be decided','Y','AHUB ETL','2020-04-27 00:15:35.583',NULL,NULL),
  (1130,3,'Accumulator Balance Qualifier 10','1337:1339','To be decided','Y','AHUB ETL','2020-04-27 00:15:35.752',NULL,NULL),
  (1131,3,'Accumulator Network Indicator 10','1339:1340','To be decided','Y','AHUB ETL','2020-04-27 00:15:35.913',NULL,NULL),
  (1132,3,'Accumulator Applied Amount 10','1340:1350','To be decided','Y','AHUB ETL','2020-04-27 00:15:36.091',NULL,NULL),
  (1133,3,'Action Code 10','1350:1351','To be decided','Y','AHUB ETL','2020-04-27 00:15:36.236',NULL,NULL),
  (1138,3,'Accumulator Balance Qualifier 11','1373:1375','To be decided','Y','AHUB ETL','2020-04-27 00:15:36.381',NULL,NULL),
  (1139,3,'Accumulator Network Indicator 11','1375:1376','To be decided','Y','AHUB ETL','2020-04-27 00:15:36.553',NULL,NULL),
  (1140,3,'Accumulator Applied Amount 11','1376:1386','To be decided','Y','AHUB ETL','2020-04-27 00:15:36.704',NULL,NULL),
  (1141,3,'Action Code 11','1386:1387','To be decided','Y','AHUB ETL','2020-04-27 00:15:36.854',NULL,NULL),
  (1146,3,'Accumulator Balance Qualifier 12','1409:1411','To be decided','Y','AHUB ETL','2020-04-27 00:15:37.006',NULL,NULL),
  (1147,3,'Accumulator Network Indicator 12','1411:1412','To be decided','Y','AHUB ETL','2020-04-27 00:15:37.158',NULL,NULL),
  (1148,3,'Accumulator Applied Amount 12','1412:1422','To be decided','Y','AHUB ETL','2020-04-27 00:15:37.322',NULL,NULL),
  (1149,3,'Action Code 12','1422:1423','To be decided','Y','AHUB ETL','2020-04-27 00:15:37.472',NULL,NULL);

INSERT INTO ahub_dw.column_error_codes (error_code, error_message)
VALUES
  (176,'Plan Benefit Begin Date is blank'),
  (177,'Plan Benefit End Date is blank'),
  (123,'Claim ID has an invalid format'),
  (168,'Carrier number is blank'),
  (121,'Participant Account Number has an invalid format');


INSERT INTO ahub_dw.column_rules (column_rules_id,file_column_id,priority,validation_type,equal_to,python_formula,list_of_values,error_code,error_level,is_active,created_by,updated_by,updated_timestamp) 
VALUES
  (1010,1001,1,'REQUIRED',NULL,NULL,NULL,155,1,'N','AHUB ETL',NULL,NULL),
  (1020,1002,1,'REQUIRED',NULL,NULL,NULL,151,1,'Y','AHUB ETL',NULL,NULL),
  (1030,1002,2,'EQUALTO','DT',NULL,NULL,101,1,'Y','AHUB ETL',NULL,NULL),
  (1040,1003,1,'REQUIRED',NULL,NULL,NULL,153,1,'Y','AHUB ETL',NULL,NULL),
  (1050,1003,2,'RANGE',NULL,NULL,'DQ,DR',105,1,'Y','AHUB ETL',NULL,NULL),
  (1060,1005,1,'REQUIRED',NULL,NULL,NULL,109,1,'Y','AHUB ETL',NULL,NULL),
  (1070,1005,2,'EQUALTO','00990CAREMARK',NULL,NULL,158,1,'Y','AHUB ETL',NULL,NULL),
  (1080,1006,1,'REQUIRED',NULL,NULL,NULL,111,1,'Y','AHUB ETL',NULL,NULL),
  (1090,1006,2,'EQUALTO','00489INGENIORX',NULL,NULL,160,1,'Y','AHUB ETL',NULL,NULL),
  (1100,1007,1,'REQUIRED',NULL,NULL,NULL,156,1,'Y','AHUB ETL',NULL,NULL),
  (1110,1007,2,'NUMBER',NULL,NULL,NULL,108,1,'Y','AHUB ETL',NULL,NULL),
  (1120,1008,1,'CUSTOM',NULL,'if (current_line[202:204]=="DQ"):
  if(len(current_value.strip())==0):
    error_occured=False
  else:
    error_occured=True
else:
  if(len(current_value.strip())>0):
    error_occured=False
  else:
    error_occured=True',NULL,106,1,'Y','AHUB ETL',NULL,NULL),
  (1130,1008,2,'CUSTOM',NULL,'if (current_line[202:204]=="DR"):
  if(current_value in ["A","R"]):
    error_occured=False
  else:
    error_occured=True
elif (current_line[202:204]=="DQ"):
  if(len(current_value.strip())==0):
    error_occured=False
  else:
    error_occured=True
else:
  error_occured=True',NULL,154,1,'Y','AHUB ETL',NULL,NULL),
  (1140,1009,1,'CUSTOM',NULL,'if (current_line[202:204] == "DR" and current_line[270:271]=="R"):
  if(len(current_value.strip()) > 0):
    error_occured=False
  else:
    error_occured=True
else:
  if(len(current_value.strip()) > 0):
    error_occured=True
  else:
    error_occured=False',NULL,157,1,'Y','AHUB ETL',NULL,NULL),
  (1150,1012,1,'REQUIRED',NULL,NULL,NULL,172,1,'Y','AHUB ETL',NULL,NULL),
  (1160,1012,2,'DATE',NULL,NULL,NULL,127,2,'Y','AHUB ETL',NULL,NULL),
  (1170,1013,1,'REQUIRED',NULL,NULL,NULL,173,1,'Y','AHUB ETL',NULL,NULL),
  (1180,1013,2,'TIME',NULL,NULL,NULL,128,2,'Y','AHUB ETL',NULL,NULL),
  (1190,1014,1,'REQUIRED',NULL,NULL,NULL,171,1,'Y','AHUB ETL',NULL,NULL),
  (1200,1014,2,'DATE',NULL,NULL,NULL,126,1,'Y','AHUB ETL',NULL,NULL),
  (1220,1019,1,'REQUIRED',NULL,NULL,NULL,102,1,'Y','AHUB ETL',NULL,NULL),
  (1240,1023,1,'REQUIRED',NULL,NULL,NULL,170,1,'Y','AHUB ETL',NULL,NULL),
  (1250,1023,2,'RANGE',NULL,NULL,'00,11,02,03,04,05,10,20',125,1,'Y','AHUB ETL',NULL,NULL),
  (1260,1037,1,'REQUIRED',NULL,NULL,NULL,165,1,'Y','AHUB ETL',NULL,NULL),
  (1270,1039,1,'REQUIRED',NULL,NULL,NULL,166,1,'Y','AHUB ETL',NULL,NULL),
  (1290,1041,1,'REQUIRED',NULL,NULL,NULL,164,1,'Y','AHUB ETL',NULL,NULL),
  (1300,1041,2,'DATE',NULL,NULL,NULL,115,1,'Y','AHUB ETL',NULL,NULL),
  (1310,1042,1,'REQUIRED',NULL,NULL,NULL,167,1,'Y','AHUB ETL',NULL,NULL),
  (1330,1047,1,'REQUIRED',NULL,NULL,NULL,162,1,'Y','AHUB ETL',NULL,NULL),
  (1340,1047,2,'EQUALTO','INGENIORXBCI00489',NULL,NULL,113,1,'Y','AHUB ETL',NULL,NULL),
  (1350,1051,1,'REQUIRED',NULL,NULL,NULL,163,1,'Y','AHUB ETL',NULL,NULL),
  (1400,1055,1,'REQUIRED_AND_RANGE',NULL,NULL,'1,3,6,7,8,9,A,D,E,F,I,ZZ',634,1,'Y','AHUB ETL',NULL,NULL),
  (1410,1057,1,'REQUIRED_AND_RANGE',NULL,NULL,'02,04,05,06,07,08,14,15',635,1,'Y','AHUB ETL',NULL,NULL),
  (1420,1058,1,'REQUIRED',NULL,NULL,NULL,178,1,'Y','AHUB ETL',NULL,NULL),
  (1450,1059,2,'NUMBER',NULL,NULL,NULL,137,1,'Y','AHUB ETL',NULL,NULL),
  (1460,1060,1,'REQUIRED_AND_RANGE',NULL,NULL,'+,-',624,1,'Y','AHUB ETL',NULL,NULL),
  (1470,1065,1,'REQUIRED_AND_RANGE',NULL,NULL,'02,04,05,06,07,08,14,15',635,1,'Y','AHUB ETL',NULL,NULL),
  (1480,1066,1,'REQUIRED',NULL,NULL,NULL,178,1,'Y','AHUB ETL',NULL,NULL),
  (1510,1067,2,'NUMBER',NULL,NULL,NULL,137,1,'Y','AHUB ETL',NULL,NULL),
  (1520,1068,1,'REQUIRED_AND_RANGE',NULL,NULL,'+,-',624,1,'Y','AHUB ETL',NULL,NULL),
  (1530,1073,1,'REQUIRED_AND_RANGE',NULL,NULL,'02,04,05,06,07,08,14,15',635,1,'Y','AHUB ETL',NULL,NULL),
  (1540,1074,1,'REQUIRED',NULL,NULL,NULL,178,1,'Y','AHUB ETL',NULL,NULL),
  (1570,1075,2,'NUMBER',NULL,NULL,NULL,137,1,'Y','AHUB ETL',NULL,NULL),
  (1580,1076,1,'REQUIRED_AND_RANGE',NULL,NULL,'+,-',624,1,'Y','AHUB ETL',NULL,NULL),
  (1590,1081,1,'REQUIRED_AND_RANGE',NULL,NULL,'02,04,05,06,07,08,14,15',635,1,'Y','AHUB ETL',NULL,NULL),
  (1600,1082,1,'REQUIRED',NULL,NULL,NULL,178,1,'Y','AHUB ETL',NULL,NULL),
  (1630,1083,2,'NUMBER',NULL,NULL,NULL,137,1,'Y','AHUB ETL',NULL,NULL),
  (1640,1084,1,'REQUIRED_AND_RANGE',NULL,NULL,'+,-',624,1,'Y','AHUB ETL',NULL,NULL),
  (1225,1019,2,'EXTERNAL','','','',103,1,'Y','AHUB ETL',NULL,NULL),
  (1320,1042,2,'RANGE',NULL,NULL,'0,1,2',118,1,'Y','AHUB ETL',NULL,NULL),
  (1490,1066,2,'RANGE',NULL,NULL,'1,2,3',147,1,'Y','AHUB ETL',NULL,NULL),
  (1550,1074,2,'RANGE',NULL,NULL,'1,2,3',147,1,'Y','AHUB ETL',NULL,NULL),
  (1610,1082,2,'RANGE',NULL,NULL,'1,2,3',147,1,'Y','AHUB ETL',NULL,NULL),
  (1430,1058,2,'RANGE',NULL,NULL,'1,2,3',147,1,'Y','AHUB ETL',NULL,NULL),
  (1280,1040,1,'BLANK_OR_RANGE',NULL,NULL,'0,1,2,3,4',119,1,'Y','AHUB ETL',NULL,NULL),
  (1440,1059,1,'REQUIRED',NULL,NULL,NULL,615,2,'Y','AHUB ETL',NULL,NULL),
  (1500,1067,1,'REQUIRED',NULL,NULL,NULL,615,2,'Y','AHUB ETL',NULL,NULL),
  (1560,1075,1,'REQUIRED',NULL,NULL,NULL,615,2,'Y','AHUB ETL',NULL,NULL),
  (1620,1083,1,'REQUIRED',NULL,NULL,NULL,615,2,'Y','AHUB ETL',NULL,NULL),
  (1360,1054,1,'REQUIRED',NULL,NULL,NULL,636,1,'N','AHUB ETL',NULL,NULL),
  (1370,1054,2,'NUMBER',NULL,NULL,NULL,636,1,'N','AHUB ETL',NULL,NULL),
  (1380,1054,3,'CUSTOM',NULL,'mylist=["989:991","1025:1027","1061:1063","1097:1099","1133:1135","1169:1171","1229:1231","1265:1267","1301:1303","1337:1339","1373:1375","1409:1411"]
count=0
for item in mylist:
  positions = item.split(":")
  start_pos = int(positions[0])
  end_pos=int(positions[1])
  if(len(current_line[start_pos:end_pos].strip())>0):
    count=count+1
if (count==int(current_value)):
  error_occured=False
else:
  error_occured=True',NULL,636,1,'N','AHUB ETL',NULL,NULL),
  (1390,1054,4,'RANGE',NULL,NULL,'01,02,03,04,05,06,07,08,09,10,11,12',636,1,'Y','AHUB ETL',NULL,NULL),
  (1230,1020,1,'REQUIRED','',NULL,'',152,1,'Y','AHUB ETL',NULL,NULL),
  (1235,1020,2,'EQUALTO','D','','',104,1,'Y','AHUB ETL',NULL,NULL),
  (1700,1092,1,'REQUIRED_AND_RANGE',NULL,NULL,'+,-',624,1,'Y','AHUB ETL',NULL,NULL),
  (1740,1100,1,'REQUIRED_AND_RANGE',NULL,NULL,'+,-',624,1,'Y','AHUB ETL',NULL,NULL),
  (1780,1109,1,'REQUIRED_AND_RANGE',NULL,NULL,'+,-',624,1,'Y','AHUB ETL',NULL,NULL),
  (1820,1117,1,'REQUIRED_AND_RANGE',NULL,NULL,'+,-',624,1,'Y','AHUB ETL',NULL,NULL),
  (1860,1125,1,'REQUIRED_AND_RANGE',NULL,NULL,'+,-',624,1,'Y','AHUB ETL',NULL,NULL),
  (1900,1133,1,'REQUIRED_AND_RANGE',NULL,NULL,'+,-',624,1,'Y','AHUB ETL',NULL,NULL),
  (1940,1141,1,'REQUIRED_AND_RANGE',NULL,NULL,'+,-',624,1,'Y','AHUB ETL',NULL,NULL),
  (1980,1149,1,'REQUIRED_AND_RANGE',NULL,NULL,'+,-',624,1,'Y','AHUB ETL',NULL,NULL),
  (1670,1027,1,'REQUIRED',NULL,NULL,NULL,176,2,'Y','AHUB ETL',NULL,NULL),
  (1675,1028,1,'REQUIRED',NULL,NULL,NULL,177,2,'Y','AHUB ETL',NULL,NULL),
  (1680,1030,1,'REQUIRED',NULL,NULL,NULL,123,1,'Y','AHUB ETL',NULL,NULL),
  (1685,1045,1,'REQUIRED',NULL,NULL,NULL,168,2,'Y','AHUB ETL',NULL,NULL),
  (1690,1046,1,'REQUIRED',NULL,NULL,NULL,121,1,'Y','AHUB ETL',NULL,NULL),
  (1705,1089,1,'REQUIRED_AND_RANGE',NULL,NULL,'02,04,05,06,07,08,14,15',635,1,'Y','AHUB ETL',NULL,NULL),
  (1710,1090,1,'REQUIRED',NULL,NULL,NULL,178,1,'Y','AHUB ETL',NULL,NULL),
  (1715,1091,2,'NUMBER',NULL,NULL,NULL,137,1,'Y','AHUB ETL',NULL,NULL),
  (1745,1097,1,'REQUIRED_AND_RANGE',NULL,NULL,'02,04,05,06,07,08,14,15',635,1,'Y','AHUB ETL',NULL,NULL),
  (1750,1098,1,'REQUIRED',NULL,NULL,NULL,178,1,'Y','AHUB ETL',NULL,NULL),
  (1755,1099,2,'NUMBER',NULL,NULL,NULL,137,1,'Y','AHUB ETL',NULL,NULL),
  (1785,1106,1,'REQUIRED_AND_RANGE',NULL,NULL,'02,04,05,06,07,08,14,15',635,1,'Y','AHUB ETL',NULL,NULL),
  (1790,1107,1,'REQUIRED',NULL,NULL,NULL,178,1,'Y','AHUB ETL',NULL,NULL),
  (1795,1108,2,'NUMBER',NULL,NULL,NULL,137,1,'Y','AHUB ETL',NULL,NULL),
  (1825,1114,1,'REQUIRED_AND_RANGE',NULL,NULL,'02,04,05,06,07,08,14,15',635,1,'Y','AHUB ETL',NULL,NULL),
  (1830,1115,1,'REQUIRED',NULL,NULL,NULL,178,1,'Y','AHUB ETL',NULL,NULL),
  (1835,1116,2,'NUMBER',NULL,NULL,NULL,137,1,'Y','AHUB ETL',NULL,NULL),
  (1865,1122,1,'REQUIRED_AND_RANGE',NULL,NULL,'02,04,05,06,07,08,14,15',635,1,'Y','AHUB ETL',NULL,NULL),
  (1870,1123,1,'REQUIRED',NULL,NULL,NULL,178,1,'Y','AHUB ETL',NULL,NULL),
  (1875,1124,2,'NUMBER',NULL,NULL,NULL,137,1,'Y','AHUB ETL',NULL,NULL),
  (1905,1130,1,'REQUIRED_AND_RANGE',NULL,NULL,'02,04,05,06,07,08,14,15',635,1,'Y','AHUB ETL',NULL,NULL),
  (1910,1131,1,'REQUIRED',NULL,NULL,NULL,178,1,'Y','AHUB ETL',NULL,NULL),
  (1915,1132,2,'NUMBER',NULL,NULL,NULL,137,1,'Y','AHUB ETL',NULL,NULL),
  (1945,1138,1,'REQUIRED_AND_RANGE',NULL,NULL,'02,04,05,06,07,08,14,15',635,1,'Y','AHUB ETL',NULL,NULL),
  (1950,1139,1,'REQUIRED',NULL,NULL,NULL,178,1,'Y','AHUB ETL',NULL,NULL),
  (1955,1140,2,'NUMBER',NULL,NULL,NULL,137,1,'Y','AHUB ETL',NULL,NULL),
  (1985,1146,1,'REQUIRED_AND_RANGE',NULL,NULL,'02,04,05,06,07,08,14,15',635,1,'Y','AHUB ETL',NULL,NULL),
  (1990,1147,1,'REQUIRED',NULL,NULL,NULL,178,1,'Y','AHUB ETL',NULL,NULL),
  (1995,1148,2,'NUMBER',NULL,NULL,NULL,137,1,'Y','AHUB ETL',NULL,NULL),
  (1720,1091,1,'REQUIRED',NULL,NULL,NULL,615,1,'Y','AHUB ETL',NULL,NULL),
  (1760,1099,1,'REQUIRED',NULL,NULL,NULL,615,1,'Y','AHUB ETL',NULL,NULL),
  (1800,1108,1,'REQUIRED',NULL,NULL,NULL,615,1,'Y','AHUB ETL',NULL,NULL),
  (1840,1116,1,'REQUIRED',NULL,NULL,NULL,615,1,'Y','AHUB ETL',NULL,NULL),
  (1880,1124,1,'REQUIRED',NULL,NULL,NULL,615,1,'Y','AHUB ETL',NULL,NULL),
  (1920,1132,1,'REQUIRED',NULL,NULL,NULL,615,1,'Y','AHUB ETL',NULL,NULL),
  (1960,1140,1,'REQUIRED',NULL,NULL,NULL,615,1,'Y','AHUB ETL',NULL,NULL),
  (2000,1148,1,'REQUIRED',NULL,NULL,NULL,615,1,'Y','AHUB ETL',NULL,NULL),
  (1725,1090,2,'RANGE',NULL,NULL,'1,2,3',147,1,'Y','AHUB ETL',NULL,NULL),
  (1765,1098,2,'RANGE',NULL,NULL,'1,2,3',147,1,'Y','AHUB ETL',NULL,NULL),
  (1805,1107,2,'RANGE',NULL,NULL,'1,2,3',147,1,'Y','AHUB ETL',NULL,NULL),
  (1845,1115,2,'RANGE',NULL,NULL,'1,2,3',147,1,'Y','AHUB ETL',NULL,NULL),
  (1885,1123,2,'RANGE',NULL,NULL,'1,2,3',147,1,'Y','AHUB ETL',NULL,NULL),
  (1925,1131,2,'RANGE',NULL,NULL,'1,2,3',147,1,'Y','AHUB ETL',NULL,NULL),
  (1965,1139,2,'RANGE',NULL,NULL,'1,2,3',147,1,'Y','AHUB ETL',NULL,NULL),
  (2005,1147,2,'RANGE',NULL,NULL,'1,2,3',147,1,'Y','AHUB ETL',NULL,NULL);