{
  "stg_stay_addr":
  "SELECT st.stay_file_cnsmr_id, st.bus_nm, st.addr_typ, st.addr_ln_1, \nst.addr_ln_2, st.addr_ln_3, st.addr_ln_4, st.cty_nm, st.st_cd, st.post_cd,\nst.cntry_cd, st.lat, st.long, cast(sq.job_run_id as bigint) as btch_num,\nst.data_src_nm, st.src_file_nm, st.cur_rec_ind, st.job_sess_id, \nsq.job_run_id, st.usr_cmnt, 'Glue' as create_by,\nst.create_usr, cast('{0}' as timestamp) as create_ts, sq.filepath as file_nm\nFROM stg_stay_temp st left join id_temp sq \non SUBSTRING_INDEX(SUBSTRING_INDEX(st.src_file_nm,'/',-1),'.',1) \n= SUBSTRING_INDEX(SUBSTRING_INDEX(sq.filepath,'/',-1),'.',1)",
  "stg_stay_guest":
  "SELECT cast(sq.job_run_id as varchar) as btch_num, st.src_nm, st.btch_create_dt, st.btch_create_tm, st.dt_from,\nst.dt_thru, st.stg_load_strt_ts, st.stg_load_cmpl_ts, \nst.std_load_strt_ts, st.std_load_cmpl_ts, st.mdm_load_strt_ts, \nst.mdm_load_cmpl_ts, \ncase when err.error_token is null then 'S' else 'F'\nend as btch_sts, st.btch_sts_ts, st.btch_stg, \nst.src_file_nm, st.cur_rec_ind, \ncase when err.error_token is null then 'S' else 'F'\nend as rs_btch_sts,\nst.updt_usr, st.updt_ts, cast(st.job_sess_id as bigint), \ncast(sq.job_run_id as bigint), st.usr_cmnt, 'Glue' as create_by,\ncast('{0}' as timestamp) as create_ts, sq.filepath as file_nm\nFROM stg_stay_temp st \nleft join id_temp sq \non SUBSTRING_INDEX(SUBSTRING_INDEX(st.src_file_nm,'/',-1),'.',1) \n= SUBSTRING_INDEX(SUBSTRING_INDEX(sq.filepath,'/',-1),'.',1)\nleft join (select distinct SUBSTRING_INDEX(raw_line,',',1) as error_token,\nerr_reason from RSerror where starttime > {0}) err \non SUBSTRING_INDEX(SUBSTRING_INDEX(sq.filepath,'/',-1),'.',1) = err.error_token",
  "stg_folio_grp_dtl":
  "",
  "stg_folio_comp_ar_dtl": "",
  "stg_folio_ldgr_dtl": "",
  "stg_folio_statstcs_dtl": "",
  "stg_folio_tax_dtl": "",
  "stg_folio_tax_cd": "",
  "stg_folio_rsrv_gust_dtl": "",
  "stg_folio_mrkt_seg_dtl": ""
}
