[
  {
    "ParameterKey": "IAMRoleName",
    "ParameterValue": "whg-iam-role-icf-incentive-fee-glue-qa"
  }, 
  {
    "ParameterKey": "IAMPolicyName",
    "ParameterValue": "whg-iam-policy-icf-incentive-fee-glue-qa"
  },
  {
    "ParameterKey": "JobName",
    "ParameterValue": "ICF-Incentive-Fee-QA"
  }, 
  {
    "ParameterKey": "ScriptBucketName",
    "ParameterValue": "whg-s3-usw2a-codebase-qa"
  },
  {
    "ParameterKey": "DataBucketName",
    "ParameterValue": "whg-s3-usw2a-goldterminal-qa"
  }, 
  {
    "ParameterKey": "SchemaName",
    "ParameterValue": "DWSTG"
  },
  {
    "ParameterKey": "LogBucketName",
    "ParameterValue": "whg-s3-usw2a-blueterminal-qa"
  }, 
  {
    "ParameterKey": "ErrorBucketName",
    "ParameterValue": "whg-s3-usw2a-errorterminal-qa"
  },
  {
    "ParameterKey": "Database",
    "ParameterValue": "DWUNT"
  }, 
  {
    "ParameterKey": "SNSTopic",
    "ParameterValue": "ICF-Incentive-Fee-Alerts-QA"
  },
  {
    "ParameterKey": "TableName",
    "ParameterValue": "STG_INCENTIVE_FEE "
  }, 
  {
    "ParameterKey": "Connection",
    "ParameterValue": "PFPDB2QA"
  }, 
  {
    "ParameterKey": "RawDataBucketName",
    "ParameterValue": "whg-s3-usw2a-redterminal-qa"
  },
  {
    "ParameterKey": "DB2Jar",
    "ParameterValue": "kinesispilot"
  }
]

