[
  {
    "ParameterKey": "IAMRoleName",
    "ParameterValue": "whg-iam-role-icf-incentive-fee-glue-prod"
  }, 
  {
    "ParameterKey": "IAMPolicyName",
    "ParameterValue": "whg-iam-policy-icf-incentive-fee-glue-prod"
  },
  {
    "ParameterKey": "JobName",
    "ParameterValue": "ICF-Incentive-Fee-PROD"
  }, 
  {
    "ParameterKey": "ScriptBucketName",
    "ParameterValue": "whg-s3-usw2a-codebase-prod"
  },
  {
    "ParameterKey": "DataBucketName",
    "ParameterValue": "whg-s3-usw2a-goldterminal-prod"
  }, 
  {
    "ParameterKey": "SchemaName",
    "ParameterValue": "DWSTG"
  },
  {
    "ParameterKey": "LogBucketName",
    "ParameterValue": "whg-s3-usw2a-blueterminal-prod"
  }, 
  {
    "ParameterKey": "ErrorBucketName",
    "ParameterValue": "whg-s3-usw2a-errorterminal-prod"
  },
  {
    "ParameterKey": "Database",
    "ParameterValue": "DWPRD"
  }, 
  {
    "ParameterKey": "SNSTopic",
    "ParameterValue": "ICF-Incentive-Fee-Alerts-PROD"
  },
  {
    "ParameterKey": "TableName",
    "ParameterValue": "STG_INCENTIVE_FEE"
  }, 
  {
    "ParameterKey": "Connection",
    "ParameterValue": "PFPDB2Prod"
  }, 
  {
    "ParameterKey": "RawDataBucketName",
    "ParameterValue": "whg-s3-usw2a-redterminal-prod"
  },
  {
    "ParameterKey": "DB2Jar",
    "ParameterValue": "whg-gluescripts-prod"
  }
]

