[
    {
      "ParameterKey": "IAMRoleName",
      "ParameterValue": "whg-iam-role-folio-glue-one-prod, whg-iam-role-folio-glue-two-prod, whg-iam-role-folio-glue-three-prod, whg-iam-role-folio-glue-four-prod"
    }, 
    {
      "ParameterKey": "IAMPolicyName",
      "ParameterValue": "whg-iam-policy-folio-glue-one-prod, whg-iam-policy-folio-glue-two-prod, whg-iam-policy-folio-glue-three-prod, whg-iam-policy-folio-glue-four-prod"
    },
    {
      "ParameterKey": "JobName",
      "ParameterValue": "WHG-Glue-UW2-Folio-S3ReadJob-PROD, WHG-Glue-UW2-Folio-Rsrv-Dtl-PROD, WHG-Glue-UW2-Folio-Cmpny-Dtl-PROD, WHG-Glue-UW2-Folio-Grp-Dtl-PROD, WHG-Glue-UW2-Folio-Comp-Ar-Dtl-PROD, WHG-Glue-UW2-Folio-Ldgr-Dtl-PROD, WHG-Glue-UW2-Folio-Statstcs-Dtl-PROD, WHG-Glue-UW2-Folio-Tax-Dtl-PROD, WHG-Glue-UW2-Folio-Tax-Cd-PROD, WHG-Glue-UW2-Folio-Rsrv-Gust-Dtl-PROD, WHG-Glue-UW2-Folio-Mrkt-Seg-Dtl-PROD, WHG-Glue-UW2-Folio-Btch-Hdr-PROD"
    }, 
    {
      "ParameterKey": "ScriptBucketName",
      "ParameterValue": "whg-s3-usw2a-codebase-prod"
    }, 
    {
      "ParameterKey": "SchemaName",
      "ParameterValue": "dwstg"
    },
    {
      "ParameterKey": "LogBucketName",
      "ParameterValue": "whg-s3-usw2a-blueterminal-prod"
    }, 
    {
      "ParameterKey": "ErrorBucketName",
      "ParameterValue": "whg-s3-usw2a-errorterminal-prod"
    },
    {
      "ParameterKey": "Database",
      "ParameterValue": "dvprod"
    },
    {
      "ParameterKey": "SNSTopic",
      "ParameterValue": "Folio-New-Alerts-PROD"
    },
    {
      "ParameterKey": "TableName",
      "ParameterValue": "stg_folio_rsrv_dtl, stg_folio_cmpny_dtl, stg_folio_grp_dtl, stg_folio_comp_ar_dtl, stg_folio_ldgr_dtl, stg_folio_statstcs_dtl, stg_folio_tax_dtl, stg_folio_tax_cd, stg_folio_rsrv_gust_dtl, stg_folio_mrkt_seg_dtl, stg_folio_btch_hdr, stl_load_errors_view"
    },
    {
      "ParameterKey": "RedshiftConnection",
      "ParameterValue": "Redshift-Prod"
    },
    {
      "ParameterKey": "ConfigFilePath",
      "ParameterValue": "glue-config/config.json"
    },
    {
      "ParameterKey": "WorkFlowName",
      "ParameterValue": "WHG-Glue-WorkFlow-UW2-Folio-PROD"
    },
    {
      "ParameterKey": "WorkFlowTriggerName",
      "ParameterValue": "WHG-Glue-WorkflowTrigger-UW2-Folio-PROD"
    },
    {
      "ParameterKey": "S3ReadSuccessTriggerName",
      "ParameterValue": "WHG-Glue-UW2-S3Read-Success-Trigger-Folio-PROD"
    },
    {
      "ParameterKey": "JobSuccessTriggerName",
      "ParameterValue": "WHG-Glue-UW2-Jobs-Success-Trigger-Folio-PROD"
    },
    {
      "ParameterKey": "FolioGlueLogGroupName",
      "ParameterValue": "/aws/glue/folio-batch-run-PROD"
    },
	{
      "ParameterKey": "Environment",
      "ParameterValue": "PROD"
    },
    {
      "ParameterKey": "StgSqlFile",
      "ParameterValue": "folio/scripts/glue/spm/stg_folio_sql.json"
    }
]