[
    {
      "ParameterKey": "IAMRoleName",
      "ParameterValue": "whg-iam-role-folio-glue-one-qa, whg-iam-role-folio-glue-two-qa, whg-iam-role-folio-glue-three-qa, whg-iam-role-folio-glue-four-qa"
    }, 
    {
      "ParameterKey": "IAMPolicyName",
      "ParameterValue": "whg-iam-policy-folio-glue-one-qa, whg-iam-policy-folio-glue-two-qa, whg-iam-policy-folio-glue-three-qa, whg-iam-policy-folio-glue-four-qa"
    },
    {
      "ParameterKey": "JobName",
      "ParameterValue": "WHG-Glue-UW2-Folio-S3ReadJob-QA, WHG-Glue-UW2-Folio-Rsrv-Dtl-QA, WHG-Glue-UW2-Folio-Cmpny-Dtl-QA, WHG-Glue-UW2-Folio-Grp-Dtl-QA, WHG-Glue-UW2-Folio-Comp-Ar-Dtl-QA, WHG-Glue-UW2-Folio-Ldgr-Dtl-QA, WHG-Glue-UW2-Folio-Statstcs-Dtl-QA, WHG-Glue-UW2-Folio-Tax-Dtl-QA, WHG-Glue-UW2-Folio-Tax-Cd-QA, WHG-Glue-UW2-Folio-Rsrv-Gust-Dtl-QA, WHG-Glue-UW2-Folio-Mrkt-Seg-Dtl-QA, WHG-Glue-UW2-Folio-Btch-Hdr-QA"
    }, 
    {
      "ParameterKey": "ScriptBucketName",
      "ParameterValue": "whg-s3-usw2a-codebase-qa"
    }, 
    {
      "ParameterKey": "SchemaName",
      "ParameterValue": "dwstg"
    },
    {
      "ParameterKey": "LogBucketName",
      "ParameterValue": "whg-s3-usw2a-blueterminal-qa"
    }, 
    {
      "ParameterKey": "ErrorBucketName",
      "ParameterValue": "whg-s3-usw2a-errorterminal-qa"
    },
    {
      "ParameterKey": "Database",
      "ParameterValue": "dwhqa"
    },
    {
      "ParameterKey": "SNSTopic",
      "ParameterValue": "Folio-New-Alerts-QA"
    },
    {
      "ParameterKey": "TableName",
      "ParameterValue": "stg_folio_rsrv_dtl, stg_folio_cmpny_dtl, stg_folio_grp_dtl, stg_folio_comp_ar_dtl, stg_folio_ldgr_dtl, stg_folio_statstcs_dtl, stg_folio_tax_dtl, stg_folio_tax_cd, stg_folio_rsrv_gust_dtl, stg_folio_mrkt_seg_dtl, stg_folio_btch_hdr, stl_load_errors_view"
    },
    {
      "ParameterKey": "RedshiftConnection",
      "ParameterValue": "RedshiftQA"
    },
    {
        "ParameterKey": "ConfigFilePath",
        "ParameterValue": "glue-config/config.json"
    },
    {
        "ParameterKey": "WorkFlowName",
        "ParameterValue": "WHG-Glue-WorkFlow-UW2-Folio-QA"
    },
    {
        "ParameterKey": "WorkFlowTriggerName",
        "ParameterValue": "WHG-Glue-WorkflowTrigger-UW2-Folio-QA"
    },
    {
        "ParameterKey": "S3ReadSuccessTriggerName",
        "ParameterValue": "WHG-Glue-UW2-S3Read-Success-Trigger-Folio-QA"
    },
    {
        "ParameterKey": "JobSuccessTriggerName",
        "ParameterValue": "WHG-Glue-UW2-Jobs-Success-Trigger-Folio-QA"
    },
    {
      "ParameterKey": "FolioGlueLogGroupName",
      "ParameterValue": "/aws/glue/folio-batch-run-QA"
    },
	{
      "ParameterKey": "Environment",
      "ParameterValue": "QA"
    },
    {
      "ParameterKey": "StgSqlFile",
      "ParameterValue": "folio/scripts/glue/spm/stg_folio_sql.json"
    }
]