{
  "stg_folio_rsrv_dtl":
  "SELECT fl.brnd_id, fl.site_id, to_date(fl.bus_dt, 'yyyyMMdd') bus_dt, fl.pms_conf_num, fl.conf_num, fl.trans_id, to_date(fl.chrg_dt, 'yyyyMMdd') chrg_dt, fl.chrg_tm\n, cast(from_unixtime(unix_timestamp(fl.chrg_ts, 'yyyyMMdd hh:mm a')) as timestamp) chrg_ts, fl.chrg_cd, fl.chrg_dscr, fl.trans_typ, fl.bse_typ, fl.edw_typ, fl.cc_lstfour_dgt, fl.gl_cd\n, cast(fl.amt as decimal(25,4)), fl.frm_folio_acct_num, fl.frm_crs_conf_num, fl.is_audt_pstng, fl.tax_on_itm_id, fl.adjtd_itm_id, fl.is_tax_exmpt\n, fl.is_tax_exmpt_dscr, fl.pms_cmpny_acct_id, fl.pms_cmpny_acct_nm, fl.pms_group_id, fl.pms_group_nm, fl.clrk_id\n, fl.clrk_nm, cast('{0}' as timestamp) as insert_ts, fl.file_nm\nFROM stg_folio_temp fl",
  "stg_folio_cmpny_dtl":
  "SELECT fl.brnd_id, fl.site_id, to_date(fl.bus_dt, 'yyyyMMdd') bus_dt, fl.pms_conf_num, fl.pms_cmpny_acct_nm, fl.crs_cmpny_acct_id, fl.trans_id\n, to_date(fl.chrg_dt, 'yyyyMMdd') chrg_dt, fl.chrg_tm, cast(from_unixtime(unix_timestamp(fl.chrg_ts, 'yyyyMMdd hh:mm a')) as timestamp) chrg_ts, fl.chrg_cd, fl.chrg_dscr, fl.trans_typ, fl.base_typ, fl.edw_typ\n, fl.cc_lstfour_dgt, fl.gl_cd, cast(fl.amt as decimal(25,4)), fl.frm_folio_acct_num, fl.frm_crs_conf_num, fl.is_audt_pstng, fl.tax_on_itm_id\n, fl.adjstd_itm_id, fl.is_tax_exmpt, fl.is_tax_exmpt_dscr, fl.clrk_id, fl.clrk_nm, cast('{0}' as timestamp) as insert_ts, fl.file_nm\nFROM stg_folio_temp fl",
  "stg_folio_grp_dtl":
  "SELECT fl.brnd_id, fl.site_id, to_date(fl.bus_dt, 'yyyyMMdd') bus_dt, fl.pms_conf_num, fl.pms_cmpny_acct_nm, fl.crs_cmpny_acct_id, fl.pms_group_id, fl.trans_id\n, to_date(fl.chrg_dt, 'yyyyMMdd') chrg_dt, fl.chrg_tm, cast(from_unixtime(unix_timestamp(fl.chrg_ts, 'yyyyMMdd hh:mm a')) as timestamp) chrg_ts, fl.chrg_cd, fl.chrg_dscr, fl.trans_typ, fl.base_typ, fl.edw_typ\n, fl.cc_lstfour_dgt, fl.gl_cd, cast(fl.amt as decimal(25,4)), fl.frm_acct, fl.frm_crs_conf_num, fl.is_audt_pstng, fl.tax_on_itm_id, fl.adjstd_itm_id\n, fl.is_tax_exmpt, fl.is_tax_exmpt_dscr, fl.clrk_id, fl.clrk_nm, cast('{0}' as timestamp) as insert_ts, fl.file_nm\nFROM stg_folio_temp fl",
  "stg_folio_comp_ar_dtl":
  "SELECT fl.brnd_id, fl.site_id, to_date(fl.bus_dt, 'yyyyMMdd') bus_dt, fl.pms_conf_num, fl.pms_corp_acct_nm, fl.pms_corp_acct_id, fl.trans_id, to_date(fl.chrg_dt, 'yyyyMMdd') chrg_dt\n, fl.chrg_tm, cast(from_unixtime(unix_timestamp(fl.chrg_ts, 'yyyyMMdd hh:mm a')) as timestamp) chrg_ts, fl.chrg_cd, fl.chrg_dscr, fl.trans_typ, fl.base_typ, fl.edw_typ, fl.cc_id, fl.gl_cd, cast(fl.amt as decimal(25,4))\n, fl.from_folio_acct_num, fl.from_crs_conf_num, fl.tax_on_itm_id, fl.adjstd_itm_id, fl.uniq_invce_id, fl.is_tax_exmpt, fl.is_tax_exmpt_dscr\n, fl.clrk_id, fl.clrk_nm, cast('{0}' as timestamp) as insert_ts, fl.file_nm\nFROM stg_folio_temp fl",
  "stg_folio_ldgr_dtl":
  "SELECT fl.brnd_id, fl.site_id, to_date(fl.bus_dt, 'yyyyMMdd') bus_dt, to_date(fl.ldgr_dt, 'MMMM-dd-yyyy') ldgr_dt, cast(fl.advnc_dpst_ldgr as decimal(25,4))\n, cast(fl.guest_ldgr as decimal(25,4)), cast(fl.cmpny_ldgr as decimal(25,4)), cast(fl.group_ldgr as decimal(25,4))\n, cast(fl.ar_cty_ldgr as decimal(25,4)), cast('{0}' as timestamp) as insert_ts, fl.file_nm\nFROM stg_folio_temp fl",
  "stg_folio_statstcs_dtl":
  "SELECT fl.brnd_id, fl.site_id, to_date(fl.bus_dt, 'yyyyMMdd') bus_dt, cast(fl.tot_rms as integer), cast(fl.ooo_rms as integer), cast(fl.ooi_rms as integer)\n, cast(fl.rvnue_rms as integer), cast(fl.comp_rms as integer), cast(fl.zero_rt_rms as integer), cast(fl.day_use_rms as integer), cast(fl.rsrvd_rms as integer)\n, cast(fl.num_of_walkins as integer), cast(fl.no_show_rms as integer), cast(fl.num_of_cancel as integer), cast(fl.erly_chkins as integer), cast(fl.erly_chkouts as integer)\n, cast(fl.txble_rm_rev as decimal(25,4)), cast(fl.non_txble_rm_rev as decimal(25,4)), cast(fl.prt_txble_rm_rev as decimal(25,4)), cast(fl.tax_rev as decimal(25,4))\n, cast(fl.fb_rev as decimal(25,4)), cast(fl.other_rev as decimal(25,4)), cast(fl.csh_rev as decimal(25,4)), cast(fl.cc_rev as decimal(25,4)), cast(fl.db_rev as decimal(25,4))\n, cast(fl.tot_rms_sld as integer), cast(fl.comp_rms_sld as integer), cast(fl.rm_rev_no_tx as decimal(25,4)), cast(fl.rm_rev_and_tx as decimal(25,4)), cast(fl.rm_rev_adj as decimal(25,4))\n, cast(fl.no_show_crs as integer), cast(fl.no_show_prp as integer), cast(fl.cancel_crs as integer), cast(fl.cancel_prp as integer), cast(fl.fns_occupd as integer)\n, cast(fl.prcnt_occupd_no_fns as decimal(25,4)), cast(fl.prcnt_occupd_fns as decimal(25,4)), cast(fl.totl_rm_sld_no_fns as integer), cast(fl.adr_wth_fns as decimal(25,4))\n, cast(fl.adr_no_fns as decimal(25,4)), cast(fl.rm_rev_adj_allw as decimal(25,4)), cast(fl.rm_rev_adj_disallw as decimal(25,4)), fl.fxd_flg\n, cast(fl.day_use_rms_paid as integer), cast(fl.day_use_rms_unpaid as integer), cast(fl.day_use_rms_paid_rev as decimal(25,4)), cast(fl.noshow_rms_paid as integer)\n, cast(fl.no_show_rms_unpaid as integer), cast(fl.no_show_rms_rev as integer), cast(fl.othrs_paid_rms as integer), cast(fl.othrs_paid_rm_rev as decimal(25,4))\n, cast(fl.inhouse_paid_rms as integer), cast(fl.inhouse_paid_rev as decimal(25,4)), cast(fl.totl_paid_rm as integer), cast(fl.rm_rev_no_fns as decimal(25,4))\n, cast(fl.rembrsmnt_fns_with_tax as decimal(25,4)), cast(fl.rembrsmnt_fns_no_tax as decimal(25,4)), cast('{0}' as timestamp) as insert_ts, fl.file_nm\nFROM stg_folio_temp fl",
  "stg_folio_tax_dtl":
  "SELECT fl.brnd_id, fl.site_id, to_date(fl.bus_dt, 'yyyyMMdd') bus_dt, fl.tax_cd, fl.tax_dscr, cast(fl.is_prcnt as decimal(2)), cast(fl.amt as decimal(25,4))\n, cast('{0}' as timestamp) as insert_ts, fl.file_nm\nFROM stg_folio_temp fl",
  "stg_folio_tax_cd":
  "SELECT fl.brnd_id, fl.site_id, to_date(fl.bus_dt, 'yyyyMMdd') bus_dt, fl.chrg_cd, fl.tax_cds, fl.tax_cd, cast('{0}' as timestamp) as insert_ts, \nfl.file_nm\nFROM stg_folio_temp fl",
  "stg_folio_rsrv_gust_dtl":
  "SELECT fl.brnd_id, fl.site_id, to_date(fl.bus_dt, 'yyyyMMdd') bus_dt, fl.pms_conf_num, fl.conf_num, fl.trvl_agnt_id, fl.trvl_agnt_id_2, cast(fl.num_of_adlts as integer)\n, cast(fl.num_of_chldrn as integer), cast(fl.num_of_rms as integer), cast(from_unixtime(unix_timestamp(fl.rsrv_orig_bkng_ts, 'MM/dd/yyyy hh:mm:ss a')) as timestamp) rsrv_orig_bkng_ts, cast(from_unixtime(unix_timestamp(fl.rsrv_lst_mdfy_ts, 'MM/dd/yyyy hh:mm:ss a')) as timestamp) rsrv_lst_mdfy_ts\n, cast(fl.rm_num as integer), fl.rm_typ, fl.rsrv_notes, to_date(fl.arvl_dt, 'yyyyMMdd') arvl_dt, to_date(fl.deptr_dt, 'yyyyMMdd') deptr_dt, fl.rsrv_sts, fl.rt_pln_cd\n, fl.rt_pln_dscr, fl.mrkt_seg, fl.member_num, fl.guest_nm, fl.guest_email, fl.guest_addr, fl.guest_phn, cast('{0}' as timestamp) as insert_ts\n, fl.file_nm\nFROM stg_folio_temp fl",
  "stg_folio_mrkt_seg_dtl":
  "SELECT fl.brnd_id, fl.site_id, to_date(fl.bus_dt, 'yyyyMMdd') bus_dt, fl.mrkt_seg, cast(fl.tax_rev_amt as decimal(25,4)), cast(fl.othr_rm_amt as decimal(25,4))\n, cast(fl.rm_rev_amt as decimal(25,4)), cast(fl.num_of_ngts as integer), cast('{0}' as timestamp) as insert_ts, fl.file_nm\nFROM stg_folio_temp fl",
  "stg_folio_btch_hdr":
  "SELECT cast(sq.btch_num as string) as btch_num, fl.site_id, fl.brand_id, to_date(fl.bus_dt, 'yyyyMMdd') bus_dt, fl.version, '{0}' as  stg_load_strt_ts\n, fl.edw_load_ts,  case when err.error_token is null then 'New' else 'Failed' end as stg_sts, fl.edw_sts, fl.src_file_nm\n, 'Glue' as create_by, cast('{0}' as timestamp) as create_ts, fl.updt_usr, cast(fl.updt_ts as timestamp)\nFROM stg_folio_temp fl \nleft join id_temp sq \non SUBSTRING_INDEX(SUBSTRING_INDEX(fl.src_file_nm,'/',-1),'.json',1) \n= SUBSTRING_INDEX(SUBSTRING_INDEX(sq.filepath,'/',-1),'.json',1)\nleft join (select distinct SUBSTRING_INDEX(SUBSTRING_INDEX(raw_line,'/',-1),'.json',1) as error_token,\nerr_reason from RSerror where starttime > '{1}') err \non SUBSTRING_INDEX(SUBSTRING_INDEX(sq.filepath,'/',-1),'.json',1) = err.error_token"
}
