{"AWSTemplateFormatVersion":"2010-09-09","Description":"The AWS CloudFormation template for this Serverless application","Resources":{"IdeasDashAPIDashLambdaLogGroup":{"Type":"AWS::Logs::LogGroup","Properties":{"LogGroupName":"/aws/lambda/WHG-Lambda-USW2-Ideas-PROD"}},"IamRoleLambdaExecution":{"Type":"AWS::IAM::Role","Properties":{"AssumeRolePolicyDocument":{"Version":"2012-10-17","Statement":[{"Effect":"Allow","Principal":{"Service":["lambda.amazonaws.com"]},"Action":["sts:AssumeRole"]}]},"Policies":[{"PolicyName":{"Fn::Join":["-",["WHG-CF-USW2-Ideas-API-Kinesis-Lambda-Summary","PROD","lambda"]]},"PolicyDocument":{"Version":"2012-10-17","Statement":[{"Effect":"Allow","Action":["logs:CreateLogStream","logs:CreateLogGroup"],"Resource":[{"Fn::Sub":"arn:${AWS::Partition}:logs:${AWS::Region}:${AWS::AccountId}:log-group:/aws/lambda/WHG-Lambda-USW2-Ideas-PROD:*"}]},{"Effect":"Allow","Action":["logs:PutLogEvents"],"Resource":[{"Fn::Sub":"arn:${AWS::Partition}:logs:${AWS::Region}:${AWS::AccountId}:log-group:/aws/lambda/WHG-Lambda-USW2-Ideas-PROD:*:*"}]},{"Effect":"Allow","Action":["s3:DeleteObject","s3:GetObject","s3:PutObject","s3:ListObject"],"Resource":[{"Fn::Sub":"arn:aws:s3:::whg-s3-usw2a-redterminal-prod/ideas/*"},{"Fn::Sub":"arn:aws:s3:::whg-s3-usw2a-errorterminal-prod/ideas/*"},{"Fn::Sub":"arn:aws:s3:::whg-s3-usw2a-codebase-prod/ideas/*"}]},{"Effect":"Allow","Action":["sns:Publish"],"Resource":"arn:aws:sns:us-west-2:574950190833:WHG-SNS-USW2-Ideas-Lambda-Alerts-PROD"},{"Effect":"Allow","Action":["kinesis:DescribeStream","kinesis:ListShards","kinesis:GetShardIterator","kinesis:GetRecords"],"Resource":[{"Fn::Sub":"arn:aws:kinesis:${AWS::Region}:${AWS::AccountId}:stream/WHR-KIN-USW2-Ideas-Stream-PROD"}]},{"Effect":"Allow","Action":["logs:PutLogEvents"],"Resource":[{"Fn::Sub":"arn:aws:logs:${AWS::Region}:${AWS::AccountId}:log-group:/aws/kinesis/WHR-KIN-USW2-Ideas-Stream-PROD*"}]},{"Effect":"Allow","Action":["xray:PutTraceSegments","xray:PutTelemetryRecords"],"Resource":["*"]},{"Effect":"Allow","Action":["kinesis:GetRecords","kinesis:GetShardIterator","kinesis:DescribeStream","kinesis:ListStreams"],"Resource":[{"Fn::GetAtt":["IdeasKinesisStream","Arn"]}]}]}}],"Path":"/","RoleName":"WHG-IAM-Role-USW2-Ideas-Lambda-PROD","ManagedPolicyArns":["arn:aws:iam::aws:policy/service-role/AWSLambdaBasicExecutionRole"]}},"IdeasDashAPIDashLambdaLambdaFunction":{"Type":"AWS::Lambda::Function","Properties":{"Code":{"S3Bucket":"whg-s3-usw2a-codebase-prod","S3Key":"ideas/scripts/ideas-api-kinesis-lambda/WHG-CF-USW2-Ideas-API-Kinesis-Lambda-Summary/PROD/1650432698003-2022-04-20T05:31:38.003Z/WHG-CF-USW2-Ideas-API-Kinesis-Lambda-Summary.zip"},"Handler":"handler.lambda_handler","Runtime":"python3.8","FunctionName":"WHG-Lambda-USW2-Ideas-PROD","MemorySize":1024,"Timeout":300,"TracingConfig":{"Mode":"Active"},"Environment":{"Variables":{"RED_BUCKET_NAME":"whg-s3-usw2a-redterminal-prod","ERROR_BUCKET_NAME":"whg-s3-usw2a-errorterminal-prod","SNSTopicArn":"arn:aws:sns:us-west-2:574950190833:WHG-SNS-USW2-Ideas-Lambda-Alerts-PROD","ENV":"PROD","FunName":"WHG-Lambda-USW2-Ideas-PROD"}},"Role":{"Fn::GetAtt":["IamRoleLambdaExecution","Arn"]}},"DependsOn":["IdeasDashAPIDashLambdaLogGroup"]},"IdeasDashAPIDashLambdaLambdaVersionxcqGf2BeEVr6Dfvg8JIJSq7OvgSZskdcSKUuGUlEM":{"Type":"AWS::Lambda::Version","DeletionPolicy":"Retain","Properties":{"FunctionName":{"Ref":"IdeasDashAPIDashLambdaLambdaFunction"},"CodeSha256":"wfYGyCy7uX9ZmqYY0gU1s9wV1zBVdAzsxvyOdJ3jMpA="}},"IdeasDashAPIDashLambdaEventSourceMappingKinesisIdeasKinesisStream":{"Type":"AWS::Lambda::EventSourceMapping","DependsOn":["IamRoleLambdaExecution"],"Properties":{"BatchSize":10,"Enabled":true,"EventSourceArn":{"Fn::GetAtt":["IdeasKinesisStream","Arn"]},"FunctionName":{"Fn::GetAtt":["IdeasDashAPIDashLambdaLambdaFunction","Arn"]},"StartingPosition":"LATEST","MaximumRetryAttempts":2}},"IdeasKinesisStream":{"Type":"AWS::Kinesis::Stream","Properties":{"Name":{"Fn::Sub":"WHR-KIN-USW2-Ideas-Stream-PROD"},"RetentionPeriodHours":168,"ShardCount":1}},"IdeasKinesisRole":{"Type":"AWS::IAM::Role","Properties":{"RoleName":{"Fn::Sub":"WHR-IAM-USW2-Ideas-Stream-Role-PROD"},"AssumeRolePolicyDocument":{"Version":"2012-10-17","Statement":[{"Effect":"Allow","Principal":{"Service":["apigateway.amazonaws.com","kinesis.amazonaws.com"]},"Action":["sts:AssumeRole"]}]},"Policies":[{"PolicyName":{"Fn::Sub":"WHR-IAM-USW2-Ideas-Stream-Policy-PROD"},"PolicyDocument":{"Version":"2012-10-17","Statement":[{"Effect":"Allow","Action":["apigateway:*"],"Resource":"*"},{"Effect":"Allow","Action":["logs:CreateLogGroup","logs:CreateLogstream","logs:PutLogEvents"],"Resource":[{"Fn::Sub":"arn:aws:logs:${AWS::Region}:${AWS::AccountId}:log-group:/aws/api-gateway/WHR-USW2-Ideas-API-PROD*"}]},{"Effect":"Allow","Action":["kinesis:DescribeStream","kinesis:ListStreams","kinesis:ListShards","kinesis:GetShardIterator","kinesis:GetRecords","kinesis:PutRecords","kinesis:PutRecord"],"Resource":[{"Fn::Sub":"arn:aws:kinesis:${AWS::Region}:${AWS::AccountId}:stream/WHR-KIN-USW2-Ideas-Stream-PROD"}]},{"Effect":"Allow","Action":["s3:DeleteObject","s3:GetObject","s3:PutObject","s3:ListObject"],"Resource":[{"Fn::Sub":"arn:aws:s3:::whg-s3-usw2a-redterminal-prod/ideas/*"},{"Fn::Sub":"arn:aws:s3:::whg-s3-usw2a-errorterminal-prod/ideas/*"},{"Fn::Sub":"arn:aws:s3:::whg-s3-usw2a-codebase-prod/ideas/*"}]}]}}]}},"ApiGatewayRestAPI":{"Type":"AWS::ApiGateway::RestApi","Properties":{"Description":"API Gateway for Ideas","EndpointConfiguration":{"Types":["REGIONAL"]},"Name":"WHG-APIG-USW2-Ideas-Summary-PROD"}},"ApiGatewayResource":{"Type":"AWS::ApiGateway::Resource","Properties":{"ParentId":{"Fn::GetAtt":["ApiGatewayRestAPI","RootResourceId"]},"RestApiId":{"Ref":"ApiGatewayRestAPI"},"PathPart":"properties"}},"ApiGatewayResourceChild1":{"Type":"AWS::ApiGateway::Resource","Properties":{"ParentId":{"Ref":"ApiGatewayResource"},"RestApiId":{"Ref":"ApiGatewayRestAPI"},"PathPart":"summary"}},"ApiGatewayResourceChild2":{"Type":"AWS::ApiGateway::Resource","Properties":{"ParentId":{"Ref":"ApiGatewayResourceChild1"},"RestApiId":{"Ref":"ApiGatewayRestAPI"},"PathPart":"v1"}},"ApiGatewayResourceChild3":{"Type":"AWS::ApiGateway::Resource","Properties":{"ParentId":{"Ref":"ApiGatewayResourceChild2"},"RestApiId":{"Ref":"ApiGatewayRestAPI"},"PathPart":"{property_code}"}},"ApiGatewayMethod":{"Type":"AWS::ApiGateway::Method","Properties":{"AuthorizationType":"NONE","ApiKeyRequired":true,"HttpMethod":"POST","Integration":{"IntegrationHttpMethod":"POST","Type":"AWS","Credentials":{"Fn::Sub":"arn:aws:iam::${AWS::AccountId}:role/WHR-IAM-USW2-Ideas-Stream-Role-PROD"},"Uri":{"Fn::Join":["",["arn:aws:apigateway:",{"Ref":"AWS::Region"},":kinesis:action/PutRecord"]]},"RequestTemplates":{"application/json":{"Fn::Sub":"{\r\n  \"StreamName\": \"WHR-KIN-USW2-Ideas-Stream-PROD\",\r\n  \"Data\":  \"$util.base64Encode($input.body)\",\r\n  \"PartitionKey\": \"hotelsummary\"\r\n}"}},"PassthroughBehavior":"when_no_templates","IntegrationResponses":[{"StatusCode":200,"ResponseTemplates":{"application/json":""}}]},"MethodResponses":[{"StatusCode":200,"ResponseModels":{"application/json":"Empty"}}],"ResourceId":{"Ref":"ApiGatewayResourceChild3"},"RestApiId":{"Ref":"ApiGatewayRestAPI"}}},"ApiGatewayModel":{"Type":"AWS::ApiGateway::Model","Properties":{"ContentType":"application/json","RestApiId":{"Ref":"ApiGatewayRestAPI"},"Schema":{}}},"APIGatewayLogGroup":{"Type":"AWS::Logs::LogGroup","Properties":{"LogGroupName":{"Fn::Sub":"/aws/api-gateway/WHG-APIG-USW2-Ideas-PROD"}}},"ApiGatewayDeployment":{"Type":"AWS::ApiGateway::Deployment","DependsOn":["ApiGatewayMethod"],"Properties":{"DeploymentId":"Lambda API deployment","RestApiId":{"Ref":"ApiGatewayRestAPI"},"StageName":{"Fn::Sub":"PROD"},"StageDescription":{"Description":"Stage","LoggingLevel":"INFO","MetricsEnabled":true,"AccessLogSetting":{"Format":"requestId: $context.requestId, ip: $context.identity.sourceIp, caller: $context.identity.caller, user: $context.identity.user, requestTime: $context.requestTime, httpMethod: $context.httpMethod, resourcePath: $context.resourcePath, status: $context.status, protocol: $context.protocol, responseLength: $context.responseLength, authorizeError:$context.authorizer.error, authenticateError:$context.authenticate.error","DestinationArn":{"Fn::Sub":"arn:aws:logs:${AWS::Region}:${AWS::AccountId}:log-group:/aws/api-gateway/WHR-USW2-Ideas-API-PROD"}},"MethodSettings":[{"ResourcePath":"/*","HttpMethod":"*","LoggingLevel":"INFO","MetricsEnabled":true,"DataTraceEnabled":true}]}}},"ApiKey":{"Type":"AWS::ApiGateway::ApiKey","DependsOn":["ApiGatewayDeployment"],"Properties":{"Name":{"Fn::Sub":"WHG-APIG-USW2-Ideas-Summary-APIKey-PROD"},"Enabled":true,"StageKeys":[{"RestApiId":{"Ref":"ApiGatewayRestAPI"},"StageName":{"Fn::Sub":"PROD"}}]}},"UsagePlan":{"Type":"AWS::ApiGateway::UsagePlan","DependsOn":["ApiKey"],"Properties":{"UsagePlanName":{"Fn::Sub":"WHG-APIG-USW2-Ideas-Summary-UsagePlan-PROD"},"ApiStages":[{"ApiId":{"Ref":"ApiGatewayRestAPI"},"Stage":{"Fn::Sub":"PROD"}}],"Description":"Ideas API Usage plan","Quota":{"Limit":10000,"Period":"DAY"},"Throttle":{"BurstLimit":50,"RateLimit":100}}},"UsagePlanKey":{"Type":"AWS::ApiGateway::UsagePlanKey","Properties":{"KeyId":{"Ref":"ApiKey"},"KeyType":"API_KEY","UsagePlanId":{"Ref":"UsagePlan"}}},"SpecialEventsRestAPI":{"Type":"AWS::ApiGateway::RestApi","Properties":{"Description":"API Gateway for Ideas","EndpointConfiguration":{"Types":["REGIONAL"]},"Name":"WHG-APIG-USW2-Ideas-SpecialEvents-PROD"}},"SpecialEventsResource":{"Type":"AWS::ApiGateway::Resource","Properties":{"ParentId":{"Fn::GetAtt":["SpecialEventsRestAPI","RootResourceId"]},"RestApiId":{"Ref":"SpecialEventsRestAPI"},"PathPart":"properties"}},"SpecialEventsResource1":{"Type":"AWS::ApiGateway::Resource","Properties":{"ParentId":{"Ref":"SpecialEventsResource"},"RestApiId":{"Ref":"SpecialEventsRestAPI"},"PathPart":"specialevents"}},"SpecialEventsResource11":{"Type":"AWS::ApiGateway::Resource","Properties":{"ParentId":{"Ref":"SpecialEventsResource1"},"RestApiId":{"Ref":"SpecialEventsRestAPI"},"PathPart":"v1"}},"SpecialEventsResource111":{"Type":"AWS::ApiGateway::Resource","Properties":{"ParentId":{"Ref":"SpecialEventsResource11"},"RestApiId":{"Ref":"SpecialEventsRestAPI"},"PathPart":"{property_code}"}},"SpecialEventsMethod":{"Type":"AWS::ApiGateway::Method","Properties":{"AuthorizationType":"NONE","ApiKeyRequired":true,"HttpMethod":"POST","Integration":{"IntegrationHttpMethod":"POST","Type":"AWS","Credentials":{"Fn::Sub":"arn:aws:iam::${AWS::AccountId}:role/WHR-IAM-USW2-Ideas-Stream-Role-PROD"},"Uri":{"Fn::Join":["",["arn:aws:apigateway:",{"Ref":"AWS::Region"},":kinesis:action/PutRecord"]]},"RequestTemplates":{"application/json":{"Fn::Sub":"{\r\n  \"StreamName\": \"WHR-KIN-USW2-Ideas-Stream-PROD\",\r\n  \"Data\":  \"$util.base64Encode($input.body)\",\r\n  \"PartitionKey\": \"specialevents\"\r\n}"}},"PassthroughBehavior":"when_no_templates","IntegrationResponses":[{"StatusCode":200,"ResponseTemplates":{"application/json":""}}]},"MethodResponses":[{"StatusCode":200,"ResponseModels":{"application/json":"Empty"}}],"ResourceId":{"Ref":"SpecialEventsResource111"},"RestApiId":{"Ref":"SpecialEventsRestAPI"}}},"SpecialEventsModel":{"Type":"AWS::ApiGateway::Model","Properties":{"ContentType":"application/json","RestApiId":{"Ref":"SpecialEventsRestAPI"},"Schema":{}}},"SpecialEventsDeployment":{"Type":"AWS::ApiGateway::Deployment","DependsOn":["SpecialEventsMethod"],"Properties":{"DeploymentId":"Lambda API deployment","RestApiId":{"Ref":"SpecialEventsRestAPI"},"StageName":{"Fn::Sub":"PROD"},"StageDescription":{"Description":"Stage","LoggingLevel":"INFO","MetricsEnabled":true,"AccessLogSetting":{"Format":"requestId: $context.requestId, ip: $context.identity.sourceIp, caller: $context.identity.caller, user: $context.identity.user, requestTime: $context.requestTime, httpMethod: $context.httpMethod, resourcePath: $context.resourcePath, status: $context.status, protocol: $context.protocol, responseLength: $context.responseLength, authorizeError:$context.authorizer.error, authenticateError:$context.authenticate.error","DestinationArn":{"Fn::Sub":"arn:aws:logs:${AWS::Region}:${AWS::AccountId}:log-group:/aws/api-gateway/WHR-USW2-Ideas-API-PROD"}},"MethodSettings":[{"ResourcePath":"/*","HttpMethod":"*","LoggingLevel":"INFO","MetricsEnabled":true,"DataTraceEnabled":true}]}}},"SpecialEventsApiKey":{"Type":"AWS::ApiGateway::ApiKey","DependsOn":["SpecialEventsDeployment"],"Properties":{"Name":{"Fn::Sub":"WHG-APIG-USW2-Ideas-SpecialEvents-APIKey-PROD"},"Enabled":true,"StageKeys":[{"RestApiId":{"Ref":"SpecialEventsRestAPI"},"StageName":{"Fn::Sub":"PROD"}}]}},"SpecialEventsUsagePlan":{"Type":"AWS::ApiGateway::UsagePlan","DependsOn":["SpecialEventsApiKey"],"Properties":{"UsagePlanName":{"Fn::Sub":"WHG-APIG-USW2-Ideas-SpecialEvents-UsagePlan-PROD"},"ApiStages":[{"ApiId":{"Ref":"SpecialEventsRestAPI"},"Stage":{"Fn::Sub":"PROD"}}],"Description":"Ideas API Usage plan","Quota":{"Limit":10000,"Period":"DAY"},"Throttle":{"BurstLimit":50,"RateLimit":100}}},"SpecialEventsUsagePlanKey":{"Type":"AWS::ApiGateway::UsagePlanKey","Properties":{"KeyId":{"Ref":"SpecialEventsApiKey"},"KeyType":"API_KEY","UsagePlanId":{"Ref":"SpecialEventsUsagePlan"}}},"ForecastRestAPI":{"Type":"AWS::ApiGateway::RestApi","Properties":{"Description":"API Gateway for Ideas","EndpointConfiguration":{"Types":["REGIONAL"]},"Name":"WHG-APIG-USW2-Ideas-Forecast-PROD"}},"ForecastResource":{"Type":"AWS::ApiGateway::Resource","Properties":{"ParentId":{"Fn::GetAtt":["ForecastRestAPI","RootResourceId"]},"RestApiId":{"Ref":"ForecastRestAPI"},"PathPart":"properties"}},"ForecastResource1":{"Type":"AWS::ApiGateway::Resource","Properties":{"ParentId":{"Ref":"ForecastResource"},"RestApiId":{"Ref":"ForecastRestAPI"},"PathPart":"forecastoverrides"}},"ForecastResource11":{"Type":"AWS::ApiGateway::Resource","Properties":{"ParentId":{"Ref":"ForecastResource1"},"RestApiId":{"Ref":"ForecastRestAPI"},"PathPart":"v1"}},"ForecastResource111":{"Type":"AWS::ApiGateway::Resource","Properties":{"ParentId":{"Ref":"ForecastResource11"},"RestApiId":{"Ref":"ForecastRestAPI"},"PathPart":"{property_code}"}},"ForecastMethod":{"Type":"AWS::ApiGateway::Method","Properties":{"AuthorizationType":"NONE","ApiKeyRequired":true,"HttpMethod":"POST","Integration":{"IntegrationHttpMethod":"POST","Type":"AWS","Credentials":{"Fn::Sub":"arn:aws:iam::${AWS::AccountId}:role/WHR-IAM-USW2-Ideas-Stream-Role-PROD"},"Uri":{"Fn::Join":["",["arn:aws:apigateway:",{"Ref":"AWS::Region"},":kinesis:action/PutRecord"]]},"RequestTemplates":{"application/json":{"Fn::Sub":"{\r\n  \"StreamName\": \"WHR-KIN-USW2-Ideas-Stream-PROD\",\r\n  \"Data\":  \"$util.base64Encode($input.body)\",\r\n  \"PartitionKey\": \"forecast\"\r\n}"}},"PassthroughBehavior":"when_no_templates","IntegrationResponses":[{"StatusCode":200,"ResponseTemplates":{"application/json":""}}]},"MethodResponses":[{"StatusCode":200,"ResponseModels":{"application/json":"Empty"}}],"ResourceId":{"Ref":"ForecastResource111"},"RestApiId":{"Ref":"ForecastRestAPI"}}},"ForecastModel":{"Type":"AWS::ApiGateway::Model","Properties":{"ContentType":"application/json","RestApiId":{"Ref":"ForecastRestAPI"},"Schema":{}}},"ForecastDeployment":{"Type":"AWS::ApiGateway::Deployment","DependsOn":["ForecastMethod"],"Properties":{"DeploymentId":"Lambda API deployment","RestApiId":{"Ref":"ForecastRestAPI"},"StageName":{"Fn::Sub":"PROD"},"StageDescription":{"Description":"Stage","LoggingLevel":"INFO","MetricsEnabled":true,"AccessLogSetting":{"Format":"requestId: $context.requestId, ip: $context.identity.sourceIp, caller: $context.identity.caller, user: $context.identity.user, requestTime: $context.requestTime, httpMethod: $context.httpMethod, resourcePath: $context.resourcePath, status: $context.status, protocol: $context.protocol, responseLength: $context.responseLength, authorizeError:$context.authorizer.error, authenticateError:$context.authenticate.error","DestinationArn":{"Fn::Sub":"arn:aws:logs:${AWS::Region}:${AWS::AccountId}:log-group:/aws/api-gateway/WHR-USW2-Ideas-API-PROD"}},"MethodSettings":[{"ResourcePath":"/*","HttpMethod":"*","LoggingLevel":"INFO","MetricsEnabled":true,"DataTraceEnabled":true}]}}},"ForecastApiKey":{"Type":"AWS::ApiGateway::ApiKey","DependsOn":["ForecastDeployment"],"Properties":{"Name":{"Fn::Sub":"WHG-APIG-USW2-Ideas-Forecast-APIKey-PROD"},"Enabled":true,"StageKeys":[{"RestApiId":{"Ref":"ForecastRestAPI"},"StageName":{"Fn::Sub":"PROD"}}]}},"ForecastUsagePlan":{"Type":"AWS::ApiGateway::UsagePlan","DependsOn":["ForecastApiKey"],"Properties":{"UsagePlanName":{"Fn::Sub":"WHG-APIG-USW2-Ideas-Forecast-UsagePlan-PROD"},"ApiStages":[{"ApiId":{"Ref":"ForecastRestAPI"},"Stage":{"Fn::Sub":"PROD"}}],"Description":"Ideas API Usage plan","Quota":{"Limit":10000,"Period":"DAY"},"Throttle":{"BurstLimit":50,"RateLimit":100}}},"ForecastUsagePlanKey":{"Type":"AWS::ApiGateway::UsagePlanKey","Properties":{"KeyId":{"Ref":"ForecastApiKey"},"KeyType":"API_KEY","UsagePlanId":{"Ref":"ForecastUsagePlan"}}},"UserUsageRestAPI":{"Type":"AWS::ApiGateway::RestApi","Properties":{"Description":"API Gateway for Ideas","EndpointConfiguration":{"Types":["REGIONAL"]},"Name":"WHG-APIG-USW2-Ideas-UserUsage-PROD"}},"UserUsageResource":{"Type":"AWS::ApiGateway::Resource","Properties":{"ParentId":{"Fn::GetAtt":["UserUsageRestAPI","RootResourceId"]},"RestApiId":{"Ref":"UserUsageRestAPI"},"PathPart":"users"}},"UserUsageResource1":{"Type":"AWS::ApiGateway::Resource","Properties":{"ParentId":{"Ref":"UserUsageResource"},"RestApiId":{"Ref":"UserUsageRestAPI"},"PathPart":"v1"}},"UserUsageMethod":{"Type":"AWS::ApiGateway::Method","Properties":{"AuthorizationType":"NONE","ApiKeyRequired":true,"HttpMethod":"POST","Integration":{"IntegrationHttpMethod":"POST","Type":"AWS","Credentials":{"Fn::Sub":"arn:aws:iam::${AWS::AccountId}:role/WHR-IAM-USW2-Ideas-Stream-Role-PROD"},"Uri":{"Fn::Join":["",["arn:aws:apigateway:",{"Ref":"AWS::Region"},":kinesis:action/PutRecord"]]},"RequestTemplates":{"application/json":{"Fn::Sub":"{\r\n  \"StreamName\": \"WHR-KIN-USW2-Ideas-Stream-PROD\",\r\n  \"Data\":  \"$util.base64Encode($input.body)\",\r\n  \"PartitionKey\": \"userusage\"\r\n}"}},"PassthroughBehavior":"when_no_templates","IntegrationResponses":[{"StatusCode":200,"ResponseTemplates":{"application/json":""}}]},"MethodResponses":[{"StatusCode":200,"ResponseModels":{"application/json":"Empty"}}],"ResourceId":{"Ref":"UserUsageResource1"},"RestApiId":{"Ref":"UserUsageRestAPI"}}},"UserUsageModel":{"Type":"AWS::ApiGateway::Model","Properties":{"ContentType":"application/json","RestApiId":{"Ref":"UserUsageRestAPI"},"Schema":{}}},"UserUsageDeployment":{"Type":"AWS::ApiGateway::Deployment","DependsOn":["UserUsageMethod"],"Properties":{"DeploymentId":"Lambda API deployment","RestApiId":{"Ref":"UserUsageRestAPI"},"StageName":{"Fn::Sub":"PROD"},"StageDescription":{"Description":"Stage","LoggingLevel":"INFO","MetricsEnabled":true,"AccessLogSetting":{"Format":"requestId: $context.requestId, ip: $context.identity.sourceIp, caller: $context.identity.caller, user: $context.identity.user, requestTime: $context.requestTime, httpMethod: $context.httpMethod, resourcePath: $context.resourcePath, status: $context.status, protocol: $context.protocol, responseLength: $context.responseLength, authorizeError:$context.authorizer.error, authenticateError:$context.authenticate.error","DestinationArn":{"Fn::Sub":"arn:aws:logs:${AWS::Region}:${AWS::AccountId}:log-group:/aws/api-gateway/WHR-USW2-Ideas-API-PROD"}},"MethodSettings":[{"ResourcePath":"/*","HttpMethod":"*","LoggingLevel":"INFO","MetricsEnabled":true,"DataTraceEnabled":true}]}}},"UserUsageApiKey":{"Type":"AWS::ApiGateway::ApiKey","DependsOn":["UserUsageDeployment"],"Properties":{"Name":{"Fn::Sub":"WHG-APIG-USW2-Ideas-UserUsage-APIKey-PROD"},"Enabled":true,"StageKeys":[{"RestApiId":{"Ref":"UserUsageRestAPI"},"StageName":{"Fn::Sub":"PROD"}}]}},"UserUsageUsagePlan":{"Type":"AWS::ApiGateway::UsagePlan","DependsOn":["UserUsageApiKey"],"Properties":{"UsagePlanName":{"Fn::Sub":"WHG-APIG-USW2-Ideas-UserUsage-UsagePlan-PROD"},"ApiStages":[{"ApiId":{"Ref":"UserUsageRestAPI"},"Stage":{"Fn::Sub":"PROD"}}],"Description":"Ideas API Usage plan","Quota":{"Limit":10000,"Period":"DAY"},"Throttle":{"BurstLimit":50,"RateLimit":100}}},"UserUsageUsagePlanKey":{"Type":"AWS::ApiGateway::UsagePlanKey","Properties":{"KeyId":{"Ref":"UserUsageApiKey"},"KeyType":"API_KEY","UsagePlanId":{"Ref":"UserUsageUsagePlan"}}},"PropertyConfigRestAPI":{"Type":"AWS::ApiGateway::RestApi","Properties":{"Description":"API Gateway for Ideas","EndpointConfiguration":{"Types":["REGIONAL"]},"Name":"WHG-APIG-USW2-Ideas-PropertyConfig-PROD"}},"PropertyConfigResource":{"Type":"AWS::ApiGateway::Resource","Properties":{"ParentId":{"Fn::GetAtt":["PropertyConfigRestAPI","RootResourceId"]},"RestApiId":{"Ref":"PropertyConfigRestAPI"},"PathPart":"properties"}},"PropertyConfigResource1":{"Type":"AWS::ApiGateway::Resource","Properties":{"ParentId":{"Ref":"PropertyConfigResource"},"RestApiId":{"Ref":"PropertyConfigRestAPI"},"PathPart":"config"}},"PropertyConfigResource11":{"Type":"AWS::ApiGateway::Resource","Properties":{"ParentId":{"Ref":"PropertyConfigResource1"},"RestApiId":{"Ref":"PropertyConfigRestAPI"},"PathPart":"v1"}},"PropertyConfigResource111":{"Type":"AWS::ApiGateway::Resource","Properties":{"ParentId":{"Ref":"PropertyConfigResource11"},"RestApiId":{"Ref":"PropertyConfigRestAPI"},"PathPart":"{property_code}"}},"PropertyConfigMethod":{"Type":"AWS::ApiGateway::Method","Properties":{"AuthorizationType":"NONE","ApiKeyRequired":true,"HttpMethod":"POST","Integration":{"IntegrationHttpMethod":"POST","Type":"AWS","Credentials":{"Fn::Sub":"arn:aws:iam::${AWS::AccountId}:role/WHR-IAM-USW2-Ideas-Stream-Role-PROD"},"Uri":{"Fn::Join":["",["arn:aws:apigateway:",{"Ref":"AWS::Region"},":kinesis:action/PutRecord"]]},"RequestTemplates":{"application/json":{"Fn::Sub":"{\r\n  \"StreamName\": \"WHR-KIN-USW2-Ideas-Stream-PROD\",\r\n  \"Data\":  \"$util.base64Encode($input.body)\",\r\n  \"PartitionKey\": \"propertyconfig\"\r\n}"}},"PassthroughBehavior":"when_no_templates","IntegrationResponses":[{"StatusCode":200,"ResponseTemplates":{"application/json":""}}]},"MethodResponses":[{"StatusCode":200,"ResponseModels":{"application/json":"Empty"}}],"ResourceId":{"Ref":"PropertyConfigResource111"},"RestApiId":{"Ref":"PropertyConfigRestAPI"}}},"PropertyConfigModel":{"Type":"AWS::ApiGateway::Model","Properties":{"ContentType":"application/json","RestApiId":{"Ref":"PropertyConfigRestAPI"},"Schema":{}}},"PropertyConfigDeployment":{"Type":"AWS::ApiGateway::Deployment","DependsOn":["PropertyConfigMethod"],"Properties":{"DeploymentId":"Lambda API deployment","RestApiId":{"Ref":"PropertyConfigRestAPI"},"StageName":{"Fn::Sub":"PROD"},"StageDescription":{"Description":"Stage","LoggingLevel":"INFO","MetricsEnabled":true,"AccessLogSetting":{"Format":"requestId: $context.requestId, ip: $context.identity.sourceIp, caller: $context.identity.caller, user: $context.identity.user, requestTime: $context.requestTime, httpMethod: $context.httpMethod, resourcePath: $context.resourcePath, status: $context.status, protocol: $context.protocol, responseLength: $context.responseLength, authorizeError:$context.authorizer.error, authenticateError:$context.authenticate.error","DestinationArn":{"Fn::Sub":"arn:aws:logs:${AWS::Region}:${AWS::AccountId}:log-group:/aws/api-gateway/WHR-USW2-Ideas-API-PROD"}},"MethodSettings":[{"ResourcePath":"/*","HttpMethod":"*","LoggingLevel":"INFO","MetricsEnabled":true,"DataTraceEnabled":true}]}}},"PropertyConfigApiKey":{"Type":"AWS::ApiGateway::ApiKey","DependsOn":["PropertyConfigDeployment"],"Properties":{"Name":{"Fn::Sub":"WHG-APIG-USW2-Ideas-PropertyConfig-APIKey-PROD"},"Enabled":true,"StageKeys":[{"RestApiId":{"Ref":"PropertyConfigRestAPI"},"StageName":{"Fn::Sub":"PROD"}}]}},"PropertyConfigUsagePlan":{"Type":"AWS::ApiGateway::UsagePlan","DependsOn":["PropertyConfigApiKey"],"Properties":{"UsagePlanName":{"Fn::Sub":"WHG-APIG-USW2-Ideas-PropertyConfig-UsagePlan-PROD"},"ApiStages":[{"ApiId":{"Ref":"PropertyConfigRestAPI"},"Stage":{"Fn::Sub":"PROD"}}],"Description":"Ideas API Usage plan","Quota":{"Limit":10000,"Period":"DAY"},"Throttle":{"BurstLimit":50,"RateLimit":100}}},"PropertyConfigUsagePlanKey":{"Type":"AWS::ApiGateway::UsagePlanKey","Properties":{"KeyId":{"Ref":"PropertyConfigApiKey"},"KeyType":"API_KEY","UsagePlanId":{"Ref":"PropertyConfigUsagePlan"}}},"RoomTypePriceRestAPI":{"Type":"AWS::ApiGateway::RestApi","Properties":{"Description":"API Gateway for Ideas","EndpointConfiguration":{"Types":["REGIONAL"]},"Name":"WHG-APIG-USW2-Ideas-RoomTypePrice-PROD"}},"RoomTypePriceResource":{"Type":"AWS::ApiGateway::Resource","Properties":{"ParentId":{"Fn::GetAtt":["RoomTypePriceRestAPI","RootResourceId"]},"RestApiId":{"Ref":"RoomTypePriceRestAPI"},"PathPart":"properties"}},"RoomTypePriceResource1":{"Type":"AWS::ApiGateway::Resource","Properties":{"ParentId":{"Ref":"RoomTypePriceResource"},"RestApiId":{"Ref":"RoomTypePriceRestAPI"},"PathPart":"roomtypeprice"}},"RoomTypePriceResource11":{"Type":"AWS::ApiGateway::Resource","Properties":{"ParentId":{"Ref":"RoomTypePriceResource1"},"RestApiId":{"Ref":"RoomTypePriceRestAPI"},"PathPart":"v1"}},"RoomTypePriceResource111":{"Type":"AWS::ApiGateway::Resource","Properties":{"ParentId":{"Ref":"RoomTypePriceResource11"},"RestApiId":{"Ref":"RoomTypePriceRestAPI"},"PathPart":"{property_code}"}},"RoomTypePriceMethod":{"Type":"AWS::ApiGateway::Method","Properties":{"AuthorizationType":"NONE","ApiKeyRequired":true,"HttpMethod":"POST","Integration":{"IntegrationHttpMethod":"POST","Type":"AWS","Credentials":{"Fn::Sub":"arn:aws:iam::${AWS::AccountId}:role/WHR-IAM-USW2-Ideas-Stream-Role-PROD"},"Uri":{"Fn::Join":["",["arn:aws:apigateway:",{"Ref":"AWS::Region"},":kinesis:action/PutRecord"]]},"RequestTemplates":{"application/json":{"Fn::Sub":"{\r\n  \"StreamName\": \"WHR-KIN-USW2-Ideas-Stream-PROD\",\r\n  \"Data\":  \"$util.base64Encode($input.body)\",\r\n  \"PartitionKey\": \"roomtype-price\"\r\n}"}},"PassthroughBehavior":"when_no_templates","IntegrationResponses":[{"StatusCode":200,"ResponseTemplates":{"application/json":""}}]},"MethodResponses":[{"StatusCode":200,"ResponseModels":{"application/json":"Empty"}}],"ResourceId":{"Ref":"RoomTypePriceResource111"},"RestApiId":{"Ref":"RoomTypePriceRestAPI"}}},"RoomTypePriceModel":{"Type":"AWS::ApiGateway::Model","Properties":{"ContentType":"application/json","RestApiId":{"Ref":"RoomTypePriceRestAPI"},"Schema":{}}},"RoomTypePriceDeployment":{"Type":"AWS::ApiGateway::Deployment","DependsOn":["RoomTypePriceMethod"],"Properties":{"DeploymentId":"Lambda API deployment","RestApiId":{"Ref":"RoomTypePriceRestAPI"},"StageName":{"Fn::Sub":"PROD"},"StageDescription":{"Description":"Stage","LoggingLevel":"INFO","MetricsEnabled":true,"AccessLogSetting":{"Format":"requestId: $context.requestId, ip: $context.identity.sourceIp, caller: $context.identity.caller, user: $context.identity.user, requestTime: $context.requestTime, httpMethod: $context.httpMethod, resourcePath: $context.resourcePath, status: $context.status, protocol: $context.protocol, responseLength: $context.responseLength, authorizeError:$context.authorizer.error, authenticateError:$context.authenticate.error","DestinationArn":{"Fn::Sub":"arn:aws:logs:${AWS::Region}:${AWS::AccountId}:log-group:/aws/api-gateway/WHR-USW2-Ideas-API-PROD"}},"MethodSettings":[{"ResourcePath":"/*","HttpMethod":"*","LoggingLevel":"INFO","MetricsEnabled":true,"DataTraceEnabled":true}]}}},"RoomTypePriceApiKey":{"Type":"AWS::ApiGateway::ApiKey","DependsOn":["RoomTypePriceDeployment"],"Properties":{"Name":{"Fn::Sub":"WHG-APIG-USW2-Ideas-RoomTypePrice-APIKey-PROD"},"Enabled":true,"StageKeys":[{"RestApiId":{"Ref":"RoomTypePriceRestAPI"},"StageName":{"Fn::Sub":"PROD"}}]}},"RoomTypePriceUsagePlan":{"Type":"AWS::ApiGateway::UsagePlan","DependsOn":["RoomTypePriceApiKey"],"Properties":{"UsagePlanName":{"Fn::Sub":"WHG-APIG-USW2-Ideas-RoomTypePrice-UsagePlan-PROD"},"ApiStages":[{"ApiId":{"Ref":"RoomTypePriceRestAPI"},"Stage":{"Fn::Sub":"PROD"}}],"Description":"Ideas API Usage plan","Quota":{"Limit":10000,"Period":"DAY"},"Throttle":{"BurstLimit":50,"RateLimit":100}}},"RoomTypePriceUsagePlanKey":{"Type":"AWS::ApiGateway::UsagePlanKey","Properties":{"KeyId":{"Ref":"RoomTypePriceApiKey"},"KeyType":"API_KEY","UsagePlanId":{"Ref":"RoomTypePriceUsagePlan"}}},"AlertRestAPI":{"Type":"AWS::ApiGateway::RestApi","Properties":{"Description":"API Gateway for Ideas","EndpointConfiguration":{"Types":["REGIONAL"]},"Name":"WHG-APIG-USW2-Ideas-Alert-PROD"}},"AlertResource":{"Type":"AWS::ApiGateway::Resource","Properties":{"ParentId":{"Fn::GetAtt":["AlertRestAPI","RootResourceId"]},"RestApiId":{"Ref":"AlertRestAPI"},"PathPart":"properties"}},"AlertResource1":{"Type":"AWS::ApiGateway::Resource","Properties":{"ParentId":{"Ref":"AlertResource"},"RestApiId":{"Ref":"AlertRestAPI"},"PathPart":"alertconfig"}},"AlertResource11":{"Type":"AWS::ApiGateway::Resource","Properties":{"ParentId":{"Ref":"AlertResource1"},"RestApiId":{"Ref":"AlertRestAPI"},"PathPart":"v1"}},"AlertResource111":{"Type":"AWS::ApiGateway::Resource","Properties":{"ParentId":{"Ref":"AlertResource11"},"RestApiId":{"Ref":"AlertRestAPI"},"PathPart":"{property_code}"}},"AlertMethod":{"Type":"AWS::ApiGateway::Method","Properties":{"AuthorizationType":"NONE","ApiKeyRequired":true,"HttpMethod":"POST","Integration":{"IntegrationHttpMethod":"POST","Type":"AWS","Credentials":{"Fn::Sub":"arn:aws:iam::${AWS::AccountId}:role/WHR-IAM-USW2-Ideas-Stream-Role-PROD"},"Uri":{"Fn::Join":["",["arn:aws:apigateway:",{"Ref":"AWS::Region"},":kinesis:action/PutRecord"]]},"RequestTemplates":{"application/json":{"Fn::Sub":"{\r\n  \"StreamName\": \"WHR-KIN-USW2-Ideas-Stream-PROD\",\r\n  \"Data\":  \"$util.base64Encode($input.body)\",\r\n  \"PartitionKey\": \"alertconfig\"\r\n}"}},"PassthroughBehavior":"when_no_templates","IntegrationResponses":[{"StatusCode":200,"ResponseTemplates":{"application/json":""}}]},"MethodResponses":[{"StatusCode":200,"ResponseModels":{"application/json":"Empty"}}],"ResourceId":{"Ref":"AlertResource111"},"RestApiId":{"Ref":"AlertRestAPI"}}},"AlertModel":{"Type":"AWS::ApiGateway::Model","Properties":{"ContentType":"application/json","RestApiId":{"Ref":"AlertRestAPI"},"Schema":{}}},"AlertDeployment":{"Type":"AWS::ApiGateway::Deployment","DependsOn":["AlertMethod"],"Properties":{"DeploymentId":"Lambda API deployment","RestApiId":{"Ref":"AlertRestAPI"},"StageName":{"Fn::Sub":"PROD"},"StageDescription":{"Description":"Stage","LoggingLevel":"INFO","MetricsEnabled":true,"AccessLogSetting":{"Format":"requestId: $context.requestId, ip: $context.identity.sourceIp, caller: $context.identity.caller, user: $context.identity.user, requestTime: $context.requestTime, httpMethod: $context.httpMethod, resourcePath: $context.resourcePath, status: $context.status, protocol: $context.protocol, responseLength: $context.responseLength, authorizeError:$context.authorizer.error, authenticateError:$context.authenticate.error","DestinationArn":{"Fn::Sub":"arn:aws:logs:${AWS::Region}:${AWS::AccountId}:log-group:/aws/api-gateway/WHR-USW2-Ideas-API-PROD"}},"MethodSettings":[{"ResourcePath":"/*","HttpMethod":"*","LoggingLevel":"INFO","MetricsEnabled":true,"DataTraceEnabled":true}]}}},"AlertApiKey":{"Type":"AWS::ApiGateway::ApiKey","DependsOn":["AlertDeployment"],"Properties":{"Name":{"Fn::Sub":"WHG-APIG-USW2-Ideas-Alert-APIKey-PROD"},"Enabled":true,"StageKeys":[{"RestApiId":{"Ref":"AlertRestAPI"},"StageName":{"Fn::Sub":"PROD"}}]}},"AlertUsagePlan":{"Type":"AWS::ApiGateway::UsagePlan","DependsOn":["AlertApiKey"],"Properties":{"UsagePlanName":{"Fn::Sub":"WHG-APIG-USW2-Ideas-Alert-UsagePlan-PROD"},"ApiStages":[{"ApiId":{"Ref":"AlertRestAPI"},"Stage":{"Fn::Sub":"PROD"}}],"Description":"Ideas API Usage plan","Quota":{"Limit":10000,"Period":"DAY"},"Throttle":{"BurstLimit":50,"RateLimit":100}}},"AlertUsagePlanKey":{"Type":"AWS::ApiGateway::UsagePlanKey","Properties":{"KeyId":{"Ref":"AlertApiKey"},"KeyType":"API_KEY","UsagePlanId":{"Ref":"AlertUsagePlan"}}},"MarketSegmentMappingRestAPI":{"Type":"AWS::ApiGateway::RestApi","Properties":{"Description":"API Gateway for Ideas","EndpointConfiguration":{"Types":["REGIONAL"]},"Name":"WHG-APIG-USW2-Ideas-MarketSegmentMapping-PROD"}},"MarketSegmentMappingResource":{"Type":"AWS::ApiGateway::Resource","Properties":{"ParentId":{"Fn::GetAtt":["MarketSegmentMappingRestAPI","RootResourceId"]},"RestApiId":{"Ref":"MarketSegmentMappingRestAPI"},"PathPart":"properties"}},"MarketSegmentMappingResource1":{"Type":"AWS::ApiGateway::Resource","Properties":{"ParentId":{"Ref":"MarketSegmentMappingResource"},"RestApiId":{"Ref":"MarketSegmentMappingRestAPI"},"PathPart":"marketsegmentGroupMappings"}},"MarketSegmentMappingResource11":{"Type":"AWS::ApiGateway::Resource","Properties":{"ParentId":{"Ref":"MarketSegmentMappingResource1"},"RestApiId":{"Ref":"MarketSegmentMappingRestAPI"},"PathPart":"v1"}},"MarketSegmentMappingResource111":{"Type":"AWS::ApiGateway::Resource","Properties":{"ParentId":{"Ref":"MarketSegmentMappingResource11"},"RestApiId":{"Ref":"MarketSegmentMappingRestAPI"},"PathPart":"{property_code}"}},"MarketSegmentMappingMethod":{"Type":"AWS::ApiGateway::Method","Properties":{"AuthorizationType":"NONE","ApiKeyRequired":true,"HttpMethod":"POST","Integration":{"IntegrationHttpMethod":"POST","Type":"AWS","Credentials":{"Fn::Sub":"arn:aws:iam::${AWS::AccountId}:role/WHR-IAM-USW2-Ideas-Stream-Role-PROD"},"Uri":{"Fn::Join":["",["arn:aws:apigateway:",{"Ref":"AWS::Region"},":kinesis:action/PutRecord"]]},"RequestTemplates":{"application/json":{"Fn::Sub":"{\r\n  \"StreamName\": \"WHR-KIN-USW2-Ideas-Stream-PROD\",\r\n  \"Data\":  \"$util.base64Encode($input.body)\",\r\n  \"PartitionKey\": \"marketsegmentmappings\"\r\n}"}},"PassthroughBehavior":"when_no_templates","IntegrationResponses":[{"StatusCode":200,"ResponseTemplates":{"application/json":""}}]},"MethodResponses":[{"StatusCode":200,"ResponseModels":{"application/json":"Empty"}}],"ResourceId":{"Ref":"MarketSegmentMappingResource111"},"RestApiId":{"Ref":"MarketSegmentMappingRestAPI"}}},"MarketSegmentMappingModel":{"Type":"AWS::ApiGateway::Model","Properties":{"ContentType":"application/json","RestApiId":{"Ref":"MarketSegmentMappingRestAPI"},"Schema":{}}},"MarketSegmentMappingDeployment":{"Type":"AWS::ApiGateway::Deployment","DependsOn":["MarketSegmentMappingMethod"],"Properties":{"DeploymentId":"Lambda API deployment","RestApiId":{"Ref":"MarketSegmentMappingRestAPI"},"StageName":{"Fn::Sub":"PROD"},"StageDescription":{"Description":"Stage","LoggingLevel":"INFO","MetricsEnabled":true,"AccessLogSetting":{"Format":"requestId: $context.requestId, ip: $context.identity.sourceIp, caller: $context.identity.caller, user: $context.identity.user, requestTime: $context.requestTime, httpMethod: $context.httpMethod, resourcePath: $context.resourcePath, status: $context.status, protocol: $context.protocol, responseLength: $context.responseLength, authorizeError:$context.authorizer.error, authenticateError:$context.authenticate.error","DestinationArn":{"Fn::Sub":"arn:aws:logs:${AWS::Region}:${AWS::AccountId}:log-group:/aws/api-gateway/WHR-USW2-Ideas-API-PROD"}},"MethodSettings":[{"ResourcePath":"/*","HttpMethod":"*","LoggingLevel":"INFO","MetricsEnabled":true,"DataTraceEnabled":true}]}}},"MarketSegmentMappingApiKey":{"Type":"AWS::ApiGateway::ApiKey","DependsOn":["MarketSegmentMappingDeployment"],"Properties":{"Name":{"Fn::Sub":"WHG-APIG-USW2-Ideas-MarketSegmentMapping-APIKey-PROD"},"Enabled":true,"StageKeys":[{"RestApiId":{"Ref":"MarketSegmentMappingRestAPI"},"StageName":{"Fn::Sub":"PROD"}}]}},"MarketSegmentMappingUsagePlan":{"Type":"AWS::ApiGateway::UsagePlan","DependsOn":["MarketSegmentMappingApiKey"],"Properties":{"UsagePlanName":{"Fn::Sub":"WHG-APIG-USW2-Ideas-MarketSegmentMapping-UsagePlan-PROD"},"ApiStages":[{"ApiId":{"Ref":"MarketSegmentMappingRestAPI"},"Stage":{"Fn::Sub":"PROD"}}],"Description":"Ideas API Usage plan","Quota":{"Limit":10000,"Period":"DAY"},"Throttle":{"BurstLimit":50,"RateLimit":100}}},"MarketSegmentMappingUsagePlanKey":{"Type":"AWS::ApiGateway::UsagePlanKey","Properties":{"KeyId":{"Ref":"MarketSegmentMappingApiKey"},"KeyType":"API_KEY","UsagePlanId":{"Ref":"MarketSegmentMappingUsagePlan"}}},"MarketSegmentSummaryRestAPI":{"Type":"AWS::ApiGateway::RestApi","Properties":{"Description":"API Gateway for Ideas","EndpointConfiguration":{"Types":["REGIONAL"]},"Name":"WHG-APIG-USW2-Ideas-MarketSegmentSummary-PROD"}},"MarketSegmentSummaryResource":{"Type":"AWS::ApiGateway::Resource","Properties":{"ParentId":{"Fn::GetAtt":["MarketSegmentSummaryRestAPI","RootResourceId"]},"RestApiId":{"Ref":"MarketSegmentSummaryRestAPI"},"PathPart":"properties"}},"MarketSegmentSummaryResource1":{"Type":"AWS::ApiGateway::Resource","Properties":{"ParentId":{"Ref":"MarketSegmentSummaryResource"},"RestApiId":{"Ref":"MarketSegmentSummaryRestAPI"},"PathPart":"marketsegmentgroupsummary"}},"MarketSegmentSummaryResource11":{"Type":"AWS::ApiGateway::Resource","Properties":{"ParentId":{"Ref":"MarketSegmentSummaryResource1"},"RestApiId":{"Ref":"MarketSegmentSummaryRestAPI"},"PathPart":"v1"}},"MarketSegmentSummaryResource111":{"Type":"AWS::ApiGateway::Resource","Properties":{"ParentId":{"Ref":"MarketSegmentSummaryResource11"},"RestApiId":{"Ref":"MarketSegmentSummaryRestAPI"},"PathPart":"{property_code}"}},"MarketSegmentSummaryMethod":{"Type":"AWS::ApiGateway::Method","Properties":{"AuthorizationType":"NONE","ApiKeyRequired":true,"HttpMethod":"POST","Integration":{"IntegrationHttpMethod":"POST","Type":"AWS","Credentials":{"Fn::Sub":"arn:aws:iam::${AWS::AccountId}:role/WHR-IAM-USW2-Ideas-Stream-Role-PROD"},"Uri":{"Fn::Join":["",["arn:aws:apigateway:",{"Ref":"AWS::Region"},":kinesis:action/PutRecord"]]},"RequestTemplates":{"application/json":{"Fn::Sub":"{\r\n  \"StreamName\": \"WHR-KIN-USW2-Ideas-Stream-PROD\",\r\n  \"Data\":  \"$util.base64Encode($input.body)\",\r\n  \"PartitionKey\": \"marketsegmentsummary\"\r\n}"}},"PassthroughBehavior":"when_no_templates","IntegrationResponses":[{"StatusCode":200,"ResponseTemplates":{"application/json":""}}]},"MethodResponses":[{"StatusCode":200,"ResponseModels":{"application/json":"Empty"}}],"ResourceId":{"Ref":"MarketSegmentSummaryResource111"},"RestApiId":{"Ref":"MarketSegmentSummaryRestAPI"}}},"MarketSegmentSummaryModel":{"Type":"AWS::ApiGateway::Model","Properties":{"ContentType":"application/json","RestApiId":{"Ref":"MarketSegmentSummaryRestAPI"},"Schema":{}}},"MarketSegmentSummaryDeployment":{"Type":"AWS::ApiGateway::Deployment","DependsOn":["MarketSegmentSummaryMethod"],"Properties":{"DeploymentId":"Lambda API deployment","RestApiId":{"Ref":"MarketSegmentSummaryRestAPI"},"StageName":{"Fn::Sub":"PROD"},"StageDescription":{"Description":"Stage","LoggingLevel":"INFO","MetricsEnabled":true,"AccessLogSetting":{"Format":"requestId: $context.requestId, ip: $context.identity.sourceIp, caller: $context.identity.caller, user: $context.identity.user, requestTime: $context.requestTime, httpMethod: $context.httpMethod, resourcePath: $context.resourcePath, status: $context.status, protocol: $context.protocol, responseLength: $context.responseLength, authorizeError:$context.authorizer.error, authenticateError:$context.authenticate.error","DestinationArn":{"Fn::Sub":"arn:aws:logs:${AWS::Region}:${AWS::AccountId}:log-group:/aws/api-gateway/WHR-USW2-Ideas-API-PROD"}},"MethodSettings":[{"ResourcePath":"/*","HttpMethod":"*","LoggingLevel":"INFO","MetricsEnabled":true,"DataTraceEnabled":true}]}}},"MarketSegmentSummaryApiKey":{"Type":"AWS::ApiGateway::ApiKey","DependsOn":["MarketSegmentSummaryDeployment"],"Properties":{"Name":{"Fn::Sub":"WHG-APIG-USW2-Ideas-MarketSegmentSummary-APIKey-PROD"},"Enabled":true,"StageKeys":[{"RestApiId":{"Ref":"MarketSegmentSummaryRestAPI"},"StageName":{"Fn::Sub":"PROD"}}]}},"MarketSegmentSummaryUsagePlan":{"Type":"AWS::ApiGateway::UsagePlan","DependsOn":["MarketSegmentSummaryApiKey"],"Properties":{"UsagePlanName":{"Fn::Sub":"WHG-APIG-USW2-Ideas-MarketSegmentSummary-UsagePlan-PROD"},"ApiStages":[{"ApiId":{"Ref":"MarketSegmentSummaryRestAPI"},"Stage":{"Fn::Sub":"PROD"}}],"Description":"Ideas API Usage plan","Quota":{"Limit":10000,"Period":"DAY"},"Throttle":{"BurstLimit":50,"RateLimit":100}}},"MarketSegmentSummaryUsagePlanKey":{"Type":"AWS::ApiGateway::UsagePlanKey","Properties":{"KeyId":{"Ref":"MarketSegmentSummaryApiKey"},"KeyType":"API_KEY","UsagePlanId":{"Ref":"MarketSegmentSummaryUsagePlan"}}},"RoomTypeClassRestAPI":{"Type":"AWS::ApiGateway::RestApi","Properties":{"Description":"API Gateway for Ideas","EndpointConfiguration":{"Types":["REGIONAL"]},"Name":"WHG-APIG-USW2-Ideas-RoomTypeClass-PROD"}},"RoomTypeClassResource":{"Type":"AWS::ApiGateway::Resource","Properties":{"ParentId":{"Fn::GetAtt":["RoomTypeClassRestAPI","RootResourceId"]},"RestApiId":{"Ref":"RoomTypeClassRestAPI"},"PathPart":"properties"}},"RoomTypeClassResource1":{"Type":"AWS::ApiGateway::Resource","Properties":{"ParentId":{"Ref":"RoomTypeClassResource"},"RestApiId":{"Ref":"RoomTypeClassRestAPI"},"PathPart":"roomTypeRoomClassMappings"}},"RoomTypeClassResource11":{"Type":"AWS::ApiGateway::Resource","Properties":{"ParentId":{"Ref":"RoomTypeClassResource1"},"RestApiId":{"Ref":"RoomTypeClassRestAPI"},"PathPart":"v1"}},"RoomTypeClassResource111":{"Type":"AWS::ApiGateway::Resource","Properties":{"ParentId":{"Ref":"RoomTypeClassResource11"},"RestApiId":{"Ref":"RoomTypeClassRestAPI"},"PathPart":"{property_code}"}},"RoomTypeClassMethod":{"Type":"AWS::ApiGateway::Method","Properties":{"AuthorizationType":"NONE","ApiKeyRequired":true,"HttpMethod":"POST","Integration":{"IntegrationHttpMethod":"POST","Type":"AWS","Credentials":{"Fn::Sub":"arn:aws:iam::${AWS::AccountId}:role/WHR-IAM-USW2-Ideas-Stream-Role-PROD"},"Uri":{"Fn::Join":["",["arn:aws:apigateway:",{"Ref":"AWS::Region"},":kinesis:action/PutRecord"]]},"RequestTemplates":{"application/json":{"Fn::Sub":"{\r\n  \"StreamName\": \"WHR-KIN-USW2-Ideas-Stream-PROD\",\r\n  \"Data\":  \"$util.base64Encode($input.body)\",\r\n  \"PartitionKey\": \"roomtypeclass\"\r\n}"}},"PassthroughBehavior":"when_no_templates","IntegrationResponses":[{"StatusCode":200,"ResponseTemplates":{"application/json":""}}]},"MethodResponses":[{"StatusCode":200,"ResponseModels":{"application/json":"Empty"}}],"ResourceId":{"Ref":"RoomTypeClassResource111"},"RestApiId":{"Ref":"RoomTypeClassRestAPI"}}},"RoomTypeClassModel":{"Type":"AWS::ApiGateway::Model","Properties":{"ContentType":"application/json","RestApiId":{"Ref":"RoomTypeClassRestAPI"},"Schema":{}}},"RoomTypeClassDeployment":{"Type":"AWS::ApiGateway::Deployment","DependsOn":["RoomTypeClassMethod"],"Properties":{"DeploymentId":"Lambda API deployment","RestApiId":{"Ref":"RoomTypeClassRestAPI"},"StageName":{"Fn::Sub":"PROD"},"StageDescription":{"Description":"Stage","LoggingLevel":"INFO","MetricsEnabled":true,"AccessLogSetting":{"Format":"requestId: $context.requestId, ip: $context.identity.sourceIp, caller: $context.identity.caller, user: $context.identity.user, requestTime: $context.requestTime, httpMethod: $context.httpMethod, resourcePath: $context.resourcePath, status: $context.status, protocol: $context.protocol, responseLength: $context.responseLength, authorizeError:$context.authorizer.error, authenticateError:$context.authenticate.error","DestinationArn":{"Fn::Sub":"arn:aws:logs:${AWS::Region}:${AWS::AccountId}:log-group:/aws/api-gateway/WHR-USW2-Ideas-API-PROD"}},"MethodSettings":[{"ResourcePath":"/*","HttpMethod":"*","LoggingLevel":"INFO","MetricsEnabled":true,"DataTraceEnabled":true}]}}},"RoomTypeClassApiKey":{"Type":"AWS::ApiGateway::ApiKey","DependsOn":["RoomTypeClassDeployment"],"Properties":{"Name":{"Fn::Sub":"WHG-APIG-USW2-Ideas-RoomTypeClass-APIKey-PROD"},"Enabled":true,"StageKeys":[{"RestApiId":{"Ref":"RoomTypeClassRestAPI"},"StageName":{"Fn::Sub":"PROD"}}]}},"RoomTypeClassUsagePlan":{"Type":"AWS::ApiGateway::UsagePlan","DependsOn":["RoomTypeClassApiKey"],"Properties":{"UsagePlanName":{"Fn::Sub":"WHG-APIG-USW2-Ideas-RoomTypeClass-UsagePlan-PROD"},"ApiStages":[{"ApiId":{"Ref":"RoomTypeClassRestAPI"},"Stage":{"Fn::Sub":"PROD"}}],"Description":"Ideas API Usage plan","Quota":{"Limit":10000,"Period":"DAY"},"Throttle":{"BurstLimit":50,"RateLimit":100}}},"RoomTypeClassUsagePlanKey":{"Type":"AWS::ApiGateway::UsagePlanKey","Properties":{"KeyId":{"Ref":"RoomTypeClassApiKey"},"KeyType":"API_KEY","UsagePlanId":{"Ref":"RoomTypeClassUsagePlan"}}},"SeasonFloorCeilingRestAPI":{"Type":"AWS::ApiGateway::RestApi","Properties":{"Description":"API Gateway for Ideas","EndpointConfiguration":{"Types":["REGIONAL"]},"Name":"WHG-APIG-USW2-Ideas-SeasonFloorCeiling-PROD"}},"SeasonFloorCeilingResource":{"Type":"AWS::ApiGateway::Resource","Properties":{"ParentId":{"Fn::GetAtt":["SeasonFloorCeilingRestAPI","RootResourceId"]},"RestApiId":{"Ref":"SeasonFloorCeilingRestAPI"},"PathPart":"properties"}},"SeasonFloorCeilingResource1":{"Type":"AWS::ApiGateway::Resource","Properties":{"ParentId":{"Ref":"SeasonFloorCeilingResource"},"RestApiId":{"Ref":"SeasonFloorCeilingRestAPI"},"PathPart":"seasonfloorceiling"}},"SeasonFloorCeilingResource11":{"Type":"AWS::ApiGateway::Resource","Properties":{"ParentId":{"Ref":"SeasonFloorCeilingResource1"},"RestApiId":{"Ref":"SeasonFloorCeilingRestAPI"},"PathPart":"v1"}},"SeasonFloorCeilingResource111":{"Type":"AWS::ApiGateway::Resource","Properties":{"ParentId":{"Ref":"SeasonFloorCeilingResource11"},"RestApiId":{"Ref":"SeasonFloorCeilingRestAPI"},"PathPart":"{property_code}"}},"SeasonFloorCeilingMethod":{"Type":"AWS::ApiGateway::Method","Properties":{"AuthorizationType":"NONE","ApiKeyRequired":true,"HttpMethod":"POST","Integration":{"IntegrationHttpMethod":"POST","Type":"AWS","Credentials":{"Fn::Sub":"arn:aws:iam::${AWS::AccountId}:role/WHR-IAM-USW2-Ideas-Stream-Role-PROD"},"Uri":{"Fn::Join":["",["arn:aws:apigateway:",{"Ref":"AWS::Region"},":kinesis:action/PutRecord"]]},"RequestTemplates":{"application/json":{"Fn::Sub":"{\r\n  \"StreamName\": \"WHR-KIN-USW2-Ideas-Stream-PROD\",\r\n  \"Data\":  \"$util.base64Encode($input.body)\",\r\n  \"PartitionKey\": \"seasonfloorceiling\"\r\n}"}},"PassthroughBehavior":"when_no_templates","IntegrationResponses":[{"StatusCode":200,"ResponseTemplates":{"application/json":""}}]},"MethodResponses":[{"StatusCode":200,"ResponseModels":{"application/json":"Empty"}}],"ResourceId":{"Ref":"SeasonFloorCeilingResource111"},"RestApiId":{"Ref":"SeasonFloorCeilingRestAPI"}}},"SeasonFloorCeilingModel":{"Type":"AWS::ApiGateway::Model","Properties":{"ContentType":"application/json","RestApiId":{"Ref":"SeasonFloorCeilingRestAPI"},"Schema":{}}},"SeasonFloorCeilingDeployment":{"Type":"AWS::ApiGateway::Deployment","DependsOn":["SeasonFloorCeilingMethod"],"Properties":{"DeploymentId":"Lambda API deployment","RestApiId":{"Ref":"SeasonFloorCeilingRestAPI"},"StageName":{"Fn::Sub":"PROD"},"StageDescription":{"Description":"Stage","LoggingLevel":"INFO","MetricsEnabled":true,"AccessLogSetting":{"Format":"requestId: $context.requestId, ip: $context.identity.sourceIp, caller: $context.identity.caller, user: $context.identity.user, requestTime: $context.requestTime, httpMethod: $context.httpMethod, resourcePath: $context.resourcePath, status: $context.status, protocol: $context.protocol, responseLength: $context.responseLength, authorizeError:$context.authorizer.error, authenticateError:$context.authenticate.error","DestinationArn":{"Fn::Sub":"arn:aws:logs:${AWS::Region}:${AWS::AccountId}:log-group:/aws/api-gateway/WHR-USW2-Ideas-API-PROD"}},"MethodSettings":[{"ResourcePath":"/*","HttpMethod":"*","LoggingLevel":"INFO","MetricsEnabled":true,"DataTraceEnabled":true}]}}},"SeasonFloorCeilingApiKey":{"Type":"AWS::ApiGateway::ApiKey","DependsOn":["SeasonFloorCeilingDeployment"],"Properties":{"Name":{"Fn::Sub":"WHG-APIG-USW2-Ideas-SeasonFloorCeiling-APIKey-PROD"},"Enabled":true,"StageKeys":[{"RestApiId":{"Ref":"SeasonFloorCeilingRestAPI"},"StageName":{"Fn::Sub":"PROD"}}]}},"SeasonFloorCeilingUsagePlan":{"Type":"AWS::ApiGateway::UsagePlan","DependsOn":["SeasonFloorCeilingApiKey"],"Properties":{"UsagePlanName":{"Fn::Sub":"WHG-APIG-USW2-Ideas-SeasonFloorCeiling-UsagePlan-PROD"},"ApiStages":[{"ApiId":{"Ref":"SeasonFloorCeilingRestAPI"},"Stage":{"Fn::Sub":"PROD"}}],"Description":"Ideas API Usage plan","Quota":{"Limit":10000,"Period":"DAY"},"Throttle":{"BurstLimit":50,"RateLimit":100}}},"SeasonFloorCeilingUsagePlanKey":{"Type":"AWS::ApiGateway::UsagePlanKey","Properties":{"KeyId":{"Ref":"SeasonFloorCeilingApiKey"},"KeyType":"API_KEY","UsagePlanId":{"Ref":"SeasonFloorCeilingUsagePlan"}}},"RoomTypeOffsetsRestAPI":{"Type":"AWS::ApiGateway::RestApi","Properties":{"Description":"API Gateway for Ideas","EndpointConfiguration":{"Types":["REGIONAL"]},"Name":"WHG-APIG-USW2-Ideas-RoomTypeOffsets-PROD"}},"RoomTypeOffsetsResource":{"Type":"AWS::ApiGateway::Resource","Properties":{"ParentId":{"Fn::GetAtt":["RoomTypeOffsetsRestAPI","RootResourceId"]},"RestApiId":{"Ref":"RoomTypeOffsetsRestAPI"},"PathPart":"properties"}},"RoomTypeOffsetsResource1":{"Type":"AWS::ApiGateway::Resource","Properties":{"ParentId":{"Ref":"RoomTypeOffsetsResource"},"RestApiId":{"Ref":"RoomTypeOffsetsRestAPI"},"PathPart":"roomtypeoffsets"}},"RoomTypeOffsetsResource11":{"Type":"AWS::ApiGateway::Resource","Properties":{"ParentId":{"Ref":"RoomTypeOffsetsResource1"},"RestApiId":{"Ref":"RoomTypeOffsetsRestAPI"},"PathPart":"v1"}},"RoomTypeOffsetsResource111":{"Type":"AWS::ApiGateway::Resource","Properties":{"ParentId":{"Ref":"RoomTypeOffsetsResource11"},"RestApiId":{"Ref":"RoomTypeOffsetsRestAPI"},"PathPart":"{property_code}"}},"RoomTypeOffsetsMethod":{"Type":"AWS::ApiGateway::Method","Properties":{"AuthorizationType":"NONE","ApiKeyRequired":true,"HttpMethod":"POST","Integration":{"IntegrationHttpMethod":"POST","Type":"AWS","Credentials":{"Fn::Sub":"arn:aws:iam::${AWS::AccountId}:role/WHR-IAM-USW2-Ideas-Stream-Role-PROD"},"Uri":{"Fn::Join":["",["arn:aws:apigateway:",{"Ref":"AWS::Region"},":kinesis:action/PutRecord"]]},"RequestTemplates":{"application/json":{"Fn::Sub":"{\r\n  \"StreamName\": \"WHR-KIN-USW2-Ideas-Stream-PROD\",\r\n  \"Data\":  \"$util.base64Encode($input.body)\",\r\n  \"PartitionKey\": \"roomtypeoffsets\"\r\n}"}},"PassthroughBehavior":"when_no_templates","IntegrationResponses":[{"StatusCode":200,"ResponseTemplates":{"application/json":""}}]},"MethodResponses":[{"StatusCode":200,"ResponseModels":{"application/json":"Empty"}}],"ResourceId":{"Ref":"RoomTypeOffsetsResource111"},"RestApiId":{"Ref":"RoomTypeOffsetsRestAPI"}}},"RoomTypeOffsetsModel":{"Type":"AWS::ApiGateway::Model","Properties":{"ContentType":"application/json","RestApiId":{"Ref":"RoomTypeOffsetsRestAPI"},"Schema":{}}},"RoomTypeOffsetsDeployment":{"Type":"AWS::ApiGateway::Deployment","DependsOn":["RoomTypeOffsetsMethod"],"Properties":{"DeploymentId":"Lambda API deployment","RestApiId":{"Ref":"RoomTypeOffsetsRestAPI"},"StageName":{"Fn::Sub":"PROD"},"StageDescription":{"Description":"Stage","LoggingLevel":"INFO","MetricsEnabled":true,"AccessLogSetting":{"Format":"requestId: $context.requestId, ip: $context.identity.sourceIp, caller: $context.identity.caller, user: $context.identity.user, requestTime: $context.requestTime, httpMethod: $context.httpMethod, resourcePath: $context.resourcePath, status: $context.status, protocol: $context.protocol, responseLength: $context.responseLength, authorizeError:$context.authorizer.error, authenticateError:$context.authenticate.error","DestinationArn":{"Fn::Sub":"arn:aws:logs:${AWS::Region}:${AWS::AccountId}:log-group:/aws/api-gateway/WHR-USW2-Ideas-API-PROD"}},"MethodSettings":[{"ResourcePath":"/*","HttpMethod":"*","LoggingLevel":"INFO","MetricsEnabled":true,"DataTraceEnabled":true}]}}},"RoomTypeOffsetsApiKey":{"Type":"AWS::ApiGateway::ApiKey","DependsOn":["RoomTypeOffsetsDeployment"],"Properties":{"Name":{"Fn::Sub":"WHG-APIG-USW2-Ideas-RoomTypeOffsets-APIKey-PROD"},"Enabled":true,"StageKeys":[{"RestApiId":{"Ref":"RoomTypeOffsetsRestAPI"},"StageName":{"Fn::Sub":"PROD"}}]}},"RoomTypeOffsetsUsagePlan":{"Type":"AWS::ApiGateway::UsagePlan","DependsOn":["RoomTypeOffsetsApiKey"],"Properties":{"UsagePlanName":{"Fn::Sub":"WHG-APIG-USW2-Ideas-RoomTypeOffsets-UsagePlan-PROD"},"ApiStages":[{"ApiId":{"Ref":"RoomTypeOffsetsRestAPI"},"Stage":{"Fn::Sub":"PROD"}}],"Description":"Ideas API Usage plan","Quota":{"Limit":10000,"Period":"DAY"},"Throttle":{"BurstLimit":50,"RateLimit":100}}},"RoomTypeOffsetsUsagePlanKey":{"Type":"AWS::ApiGateway::UsagePlanKey","Properties":{"KeyId":{"Ref":"RoomTypeOffsetsApiKey"},"KeyType":"API_KEY","UsagePlanId":{"Ref":"RoomTypeOffsetsUsagePlan"}}},"CompetitorRatesRestAPI":{"Type":"AWS::ApiGateway::RestApi","Properties":{"Description":"API Gateway for Ideas","EndpointConfiguration":{"Types":["REGIONAL"]},"Name":"WHG-APIG-USW2-Ideas-CompetitorRates-PROD"}},"CompetitorRatesResource":{"Type":"AWS::ApiGateway::Resource","Properties":{"ParentId":{"Fn::GetAtt":["CompetitorRatesRestAPI","RootResourceId"]},"RestApiId":{"Ref":"CompetitorRatesRestAPI"},"PathPart":"properties"}},"CompetitorRatesResource1":{"Type":"AWS::ApiGateway::Resource","Properties":{"ParentId":{"Ref":"CompetitorRatesResource"},"RestApiId":{"Ref":"CompetitorRatesRestAPI"},"PathPart":"competitorrates"}},"CompetitorRatesResource11":{"Type":"AWS::ApiGateway::Resource","Properties":{"ParentId":{"Ref":"CompetitorRatesResource1"},"RestApiId":{"Ref":"CompetitorRatesRestAPI"},"PathPart":"v1"}},"CompetitorRatesResource111":{"Type":"AWS::ApiGateway::Resource","Properties":{"ParentId":{"Ref":"CompetitorRatesResource11"},"RestApiId":{"Ref":"CompetitorRatesRestAPI"},"PathPart":"{property_code}"}},"CompetitorRatesMethod":{"Type":"AWS::ApiGateway::Method","Properties":{"AuthorizationType":"NONE","ApiKeyRequired":true,"HttpMethod":"POST","Integration":{"IntegrationHttpMethod":"POST","Type":"AWS","Credentials":{"Fn::Sub":"arn:aws:iam::${AWS::AccountId}:role/WHR-IAM-USW2-Ideas-Stream-Role-PROD"},"Uri":{"Fn::Join":["",["arn:aws:apigateway:",{"Ref":"AWS::Region"},":kinesis:action/PutRecord"]]},"RequestTemplates":{"application/json":{"Fn::Sub":"{\r\n  \"StreamName\": \"WHR-KIN-USW2-Ideas-Stream-PROD\",\r\n  \"Data\":  \"$util.base64Encode($input.body)\",\r\n  \"PartitionKey\": \"competitorrates\"\r\n}"}},"PassthroughBehavior":"when_no_templates","IntegrationResponses":[{"StatusCode":200,"ResponseTemplates":{"application/json":""}}]},"MethodResponses":[{"StatusCode":200,"ResponseModels":{"application/json":"Empty"}}],"ResourceId":{"Ref":"CompetitorRatesResource111"},"RestApiId":{"Ref":"CompetitorRatesRestAPI"}}},"CompetitorRatesModel":{"Type":"AWS::ApiGateway::Model","Properties":{"ContentType":"application/json","RestApiId":{"Ref":"CompetitorRatesRestAPI"},"Schema":{}}},"CompetitorRatesDeployment":{"Type":"AWS::ApiGateway::Deployment","DependsOn":["CompetitorRatesMethod"],"Properties":{"DeploymentId":"Lambda API deployment","RestApiId":{"Ref":"CompetitorRatesRestAPI"},"StageName":{"Fn::Sub":"PROD"},"StageDescription":{"Description":"Stage","LoggingLevel":"INFO","MetricsEnabled":true,"AccessLogSetting":{"Format":"requestId: $context.requestId, ip: $context.identity.sourceIp, caller: $context.identity.caller, user: $context.identity.user, requestTime: $context.requestTime, httpMethod: $context.httpMethod, resourcePath: $context.resourcePath, status: $context.status, protocol: $context.protocol, responseLength: $context.responseLength, authorizeError:$context.authorizer.error, authenticateError:$context.authenticate.error","DestinationArn":{"Fn::Sub":"arn:aws:logs:${AWS::Region}:${AWS::AccountId}:log-group:/aws/api-gateway/WHR-USW2-Ideas-API-PROD"}},"MethodSettings":[{"ResourcePath":"/*","HttpMethod":"*","LoggingLevel":"INFO","MetricsEnabled":true,"DataTraceEnabled":true}]}}},"CompetitorRatesApiKey":{"Type":"AWS::ApiGateway::ApiKey","DependsOn":["CompetitorRatesDeployment"],"Properties":{"Name":{"Fn::Sub":"WHG-APIG-USW2-Ideas-CompetitorRates-APIKey-PROD"},"Enabled":true,"StageKeys":[{"RestApiId":{"Ref":"CompetitorRatesRestAPI"},"StageName":{"Fn::Sub":"PROD"}}]}},"CompetitorRatesUsagePlan":{"Type":"AWS::ApiGateway::UsagePlan","DependsOn":["CompetitorRatesApiKey"],"Properties":{"UsagePlanName":{"Fn::Sub":"WHG-APIG-USW2-Ideas-CompetitorRates-UsagePlan-PROD"},"ApiStages":[{"ApiId":{"Ref":"CompetitorRatesRestAPI"},"Stage":{"Fn::Sub":"PROD"}}],"Description":"Ideas API Usage plan","Quota":{"Limit":10000,"Period":"DAY"},"Throttle":{"BurstLimit":50,"RateLimit":100}}},"CompetitorRatesUsagePlanKey":{"Type":"AWS::ApiGateway::UsagePlanKey","Properties":{"KeyId":{"Ref":"CompetitorRatesApiKey"},"KeyType":"API_KEY","UsagePlanId":{"Ref":"CompetitorRatesUsagePlan"}}},"LambdaSNSTopic":{"Type":"AWS::SNS::Topic","Properties":{"DisplayName":"SNS Error Topic for Ideas Lambda","TopicName":"WHG-SNS-USW2-Ideas-Lambda-Alerts-PROD"}},"SNSSubscription":{"Type":"AWS::SNS::Subscription","Properties":{"Endpoint":"chandrashekar.kalva@wyndham.com","Protocol":"email","TopicArn":{"Ref":"LambdaSNSTopic"}}}},"Outputs":{"ServerlessDeploymentBucketName":{"Value":"whg-s3-usw2a-codebase-prod","Export":{"Name":"sls-WHG-CF-USW2-Ideas-API-Kinesis-Lambda-Summary-PROD-ServerlessDeploymentBucketName"}},"IdeasDashAPIDashLambdaLambdaFunctionQualifiedArn":{"Description":"Current Lambda function version","Value":{"Ref":"IdeasDashAPIDashLambdaLambdaVersionxcqGf2BeEVr6Dfvg8JIJSq7OvgSZskdcSKUuGUlEM"},"Export":{"Name":"sls-WHG-CF-USW2-Ideas-API-Kinesis-Lambda-Summary-PROD-IdeasDashAPIDashLambdaLambdaFunctionQualifiedArn"}}}}