[
    {
      "ParameterKey": "IAMRoleName",
      "ParameterValue": "whg-iam-role-loyalty-enroll-target-glue-one-qa"
    },
    {
      "ParameterKey": "IAMPolicyName",
      "ParameterValue": "whg-iam-policy-loyalty-enroll-target-glue-one-qa"
    },
    {
      "ParameterKey": "JobName",
      "ParameterValue": "WHG-Glue-USW2-Loyalty-Enroll-Target-QA"
    },
    {
      "ParameterKey": "ScriptBucketName",
      "ParameterValue": "whg-s3-usw2a-codebase-qa"
    },
    {
      "ParameterKey": "SchemaName",
      "ParameterValue": "dwstg"
    },
    {
      "ParameterKey": "LogBucketName",
      "ParameterValue": "whg-s3-usw2a-blueterminal-qa"
    },
    {
      "ParameterKey": "ErrorBucketName",
      "ParameterValue": "whg-s3-usw2a-errorterminal-qa"
    },
    {
      "ParameterKey": "Database",
      "ParameterValue": "dwhqa"
    },
    {
      "ParameterKey": "SNSTopicName",
      "ParameterValue": "Loyalty-Enroll-Target-Alerts-QA"
    },
    {
      "ParameterKey": "TableName",
      "ParameterValue": "stg_lylty_enrl_tgt"
    },
    {
      "ParameterKey": "RedshiftConnection",
      "ParameterValue": "RedshiftQA"
    },
    {
      "ParameterKey": "GlueTriggerName",
      "ParameterValue": "WHG-Glue-Trigger-USW2-Loyalty-Enroll-Target-QA"
    },
    {
      "ParameterKey": "LoyaltyEnrollTargetGlueLogGroupName",
      "ParameterValue": "/aws/glue/LoyaltyEnrollTargetGlue-QA"
    },
    {
      "ParameterKey": "AuditTable",
      "ParameterValue": "prcs_cntrl_log"
    },
    {
      "ParameterKey": "ErrorTable",
      "ParameterValue": "stg_glue_error"
    },
    {
      "ParameterKey": "StgErrorTable",
      "ParameterValue": "stg_lylty_enrl_tgt_error"
    },
    {
      "ParameterKey": "LoadErrorView",
      "ParameterValue": "stl_load_errors_view"
    }
]