{"AWSTemplateFormatVersion":"2010-09-09","Description":"The AWS CloudFormation template for this Serverless application","Resources":{"S3toEC2TriggerFileLogGroup":{"Type":"AWS::Logs::LogGroup","Properties":{"LogGroupName":"/aws/lambda/WHG-Lambda-USW2-ssh-lambdaS3toEC2TriggerFile-PROD"}},"IamRoleLambdaExecution":{"Type":"AWS::IAM::Role","Properties":{"AssumeRolePolicyDocument":{"Version":"2012-10-17","Statement":[{"Effect":"Allow","Principal":{"Service":["lambda.amazonaws.com"]},"Action":["sts:AssumeRole"]}]},"Policies":[{"PolicyName":{"Fn::Join":["-",["WHG","ssh-lambda","lambda","PROD"]]},"PolicyDocument":{"Version":"2012-10-17","Statement":[{"Effect":"Allow","Action":["logs:CreateLogStream","logs:CreateLogGroup"],"Resource":[{"Fn::Sub":"arn:aws:logs:${AWS::Region}:${AWS::AccountId}:log-group:${S3toEC2TriggerFileLogGroup}:*"}]},{"Effect":"Allow","Action":["logs:PutLogEvents"],"Resource":[{"Fn::Sub":"arn:aws:logs:${AWS::Region}:${AWS::AccountId}:log-group:${S3toEC2TriggerFileLogGroup}:*:*"}]},{"Effect":"Allow","Action":["s3:GetObject"],"Resource":"arn:aws:s3:::whg-s3-usw2a-goldterminal-prod/*"},{"Effect":"Allow","Action":["sns:Publish"],"Resource":"arn:aws:sns:us-west-2:574950190833:WHG-S3-to-EC2-TriggerCopy-Alerts-PROD"},{"Effect":"Allow","Action":["secretsmanager:GetResourcePolicy","secretsmanager:GetSecretValue","secretsmanager:DescribeSecret","secretsmanager:ListSecretVersionIds","secretsmanager:GetRandomPassword","secretsmanager:ListSecrets"],"Resource":"*"}]}}],"Path":"/","RoleName":{"Fn::Join":["-",["WHG","ssh-lambda","PROD","us-west-2","lambdaRole"]]},"ManagedPolicyArns":[{"Fn::Join":["",["arn:",{"Ref":"AWS::Partition"},":iam::aws:policy/service-role/AWSLambdaVPCAccessExecutionRole"]]}]}},"ParamikolayerLambdaLayer":{"Type":"AWS::Lambda::LayerVersion","Properties":{"Content":{"S3Bucket":"whg-s3-usw2a-codebase-prod","S3Key":"etl-trigger-file-lambda/scripts/trigger-lambda/ssh-lambda/PROD/1632289440653-2021-09-22T05:44:00.653Z/paramiko.zip"},"LayerName":"Paramiko1-PROD","Description":"Paramiko Python Library to SSH into EC2","CompatibleRuntimes":["python3.7"]}},"S3toEC2TriggerFileLambdaFunction":{"Type":"AWS::Lambda::Function","Properties":{"Code":{"S3Bucket":"whg-s3-usw2a-codebase-prod","S3Key":"etl-trigger-file-lambda/scripts/trigger-lambda/ssh-lambda/PROD/1643964271684-2022-02-04T08:44:31.684Z/ssh-lambda.zip"},"Handler":"handler.main","Runtime":"python3.7","FunctionName":"WHG-Lambda-USW2-ssh-lambdaS3toEC2TriggerFile-PROD","MemorySize":1024,"Timeout":300,"Description":"Lambda to Place Trigger File on Informatica EC2 Server","Environment":{"Variables":{"goldBucket":"whg-s3-usw2a-goldterminal-prod","SNSTopicArn":"arn:aws:sns:us-west-2:574950190833:WHG-S3-to-EC2-TriggerCopy-Alerts-PROD","secManagerKey":"WHG-ETL-Trigger-PROD","serverUser":"infauser","hostIP":"10.83.19.126"}},"Role":{"Fn::GetAtt":["IamRoleLambdaExecution","Arn"]},"VpcConfig":{"SecurityGroupIds":["sg-7efdab1a","sg-ce73cdb7","sg-c1e7b1a5"],"SubnetIds":["subnet-b31f71c4"]},"Layers":[{"Ref":"ParamikolayerLambdaLayer"}]},"DependsOn":["S3toEC2TriggerFileLogGroup"]},"S3toEC2TriggerFileLambdaVersion72zSvLKUO1uaK3ws8zyH9sQ6RevwQOOJYjPVUyc85Q":{"Type":"AWS::Lambda::Version","DeletionPolicy":"Retain","Properties":{"FunctionName":{"Ref":"S3toEC2TriggerFileLambdaFunction"},"CodeSha256":"ZGbNNf91rrA04wHoY02ypmgPXvCcwikYdqHkqL2WVxs=","Description":"Lambda to Place Trigger File on Informatica EC2 Server"}},"S3toEC2TriggerFileCustomS31":{"Type":"Custom::S3","Version":1,"DependsOn":["S3toEC2TriggerFileLambdaFunction","CustomDashresourceDashexistingDashs3LambdaFunction"],"Properties":{"ServiceToken":{"Fn::GetAtt":["CustomDashresourceDashexistingDashs3LambdaFunction","Arn"]},"FunctionName":"WHG-Lambda-USW2-ssh-lambdaS3toEC2TriggerFile-PROD","BucketName":"whg-s3-usw2a-goldterminal-prod","BucketConfigs":[{"Event":"s3:ObjectCreated:*","Rules":[{"Prefix":"trigger_files/reservation/rsrv_glue.trg"}]},{"Event":"s3:ObjectCreated:*","Rules":[{"Prefix":"trigger_files/stay_outbound/trg_stayoutbound.txt"}]},{"Event":"s3:ObjectCreated:*","Rules":[{"Prefix":"trigger_files/ICF_Billing_Daily/trigger_dly_bllng.txt"}]},{"Event":"s3:ObjectCreated:*","Rules":[{"Prefix":"trigger_files/ICF_Billing_Monthly/trigger_dly_mnthly.txt"}]},{"Event":"s3:ObjectCreated:*","Rules":[{"Prefix":"trigger_files/Member_Recon/bllng_lylty_mbr_recon_stg_load_comp.txt"}]},{"Event":"s3:ObjectCreated:*","Rules":[{"Prefix":"trigger_files/ICF_Stay_Resp_Notif/icf_response_notif_stg.trg"}]},{"Event":"s3:ObjectCreated:*","Rules":[{"Prefix":"trigger_files/ICF_Billing_Quarterly/MVE_stg_load_comp_qtly.trg"}]},{"Event":"s3:ObjectCreated:*","Rules":[{"Prefix":"trigger_files/ICF_Monthly_Billing_Src_Smry/trg_icf_billing_src_smry_mthly.trg"}]},{"Event":"s3:ObjectCreated:*","Rules":[{"Prefix":"trigger_files/SFOPS-Stipulation/stip_glue_cmpltd.trg"}]},{"Event":"s3:ObjectCreated:*","Rules":[{"Prefix":"trigger_files/SFOPS-Contract/wndw_dt_glue_cmpltd.trg"}]}]}},"IamRoleCustomResourcesLambdaExecution":{"Type":"AWS::IAM::Role","Properties":{"AssumeRolePolicyDocument":{"Version":"2012-10-17","Statement":[{"Effect":"Allow","Principal":{"Service":["lambda.amazonaws.com"]},"Action":["sts:AssumeRole"]}]},"Policies":[{"PolicyName":{"Fn::Join":["-",["PROD","ssh-lambda","custom-resources-lambda"]]},"PolicyDocument":{"Version":"2012-10-17","Statement":[{"Effect":"Allow","Resource":{"Fn::Join":[":",["arn",{"Ref":"AWS::Partition"},"s3","","","whg-s3-usw2a-goldterminal-prod"]]},"Action":["s3:PutBucketNotification","s3:GetBucketNotification"]},{"Effect":"Allow","Resource":{"Fn::Join":[":",["arn",{"Ref":"AWS::Partition"},"lambda",{"Ref":"AWS::Region"},{"Ref":"AWS::AccountId"},"function","*"]]},"Action":["lambda:AddPermission","lambda:RemovePermission"]}]}}]}},"CustomDashresourceDashexistingDashs3LambdaFunction":{"Type":"AWS::Lambda::Function","Properties":{"Code":{"S3Bucket":"whg-s3-usw2a-codebase-prod","S3Key":"etl-trigger-file-lambda/scripts/trigger-lambda/ssh-lambda/PROD/1643964271684-2022-02-04T08:44:31.684Z/custom-resources.zip"},"FunctionName":"ssh-lambda-PROD-custom-resource-existing-s3","Handler":"s3/handler.handler","MemorySize":1024,"Runtime":"nodejs12.x","Timeout":180,"Role":{"Fn::GetAtt":["IamRoleCustomResourcesLambdaExecution","Arn"]}},"DependsOn":["IamRoleCustomResourcesLambdaExecution"]},"ErrorTopic":{"Type":"AWS::SNS::Topic","Properties":{"TopicName":"WHG-S3-to-EC2-TriggerCopy-Alerts-PROD"}},"ErrorTopicSubscribe":{"Type":"AWS::SNS::Subscription","Properties":{"TopicArn":{"Ref":"ErrorTopic"},"Protocol":"email","Endpoint":"WHRDataServices@wyndham.com"}},"ErrorTopicSubscribeTwo":{"Type":"AWS::SNS::Subscription","Properties":{"TopicArn":{"Ref":"ErrorTopic"},"Protocol":"email","Endpoint":"HIT_ProductionSystemsSupport@wyndham.com"}}},"Outputs":{"ServerlessDeploymentBucketName":{"Value":"whg-s3-usw2a-codebase-prod","Export":{"Name":"sls-ssh-lambda-PROD-ServerlessDeploymentBucketName"}},"ParamikolayerLambdaLayerQualifiedArn":{"Description":"Current Lambda layer version","Value":{"Ref":"ParamikolayerLambdaLayer"},"Export":{"Name":"sls-ssh-lambda-PROD-ParamikolayerLambdaLayerQualifiedArn"}},"ParamikolayerLambdaLayerHash":{"Description":"Current Lambda layer hash","Value":"0e3fd2bb2ff33ae247e575bada401838ab5344da","Export":{"Name":"sls-ssh-lambda-PROD-ParamikolayerLambdaLayerHash"}},"ParamikolayerLambdaLayerS3Key":{"Description":"Current Lambda layer S3Key","Value":"etl-trigger-file-lambda/scripts/trigger-lambda/ssh-lambda/PROD/1632289440653-2021-09-22T05:44:00.653Z/paramiko.zip","Export":{"Name":"sls-ssh-lambda-PROD-ParamikolayerLambdaLayerS3Key"}},"S3toEC2TriggerFileLambdaFunctionQualifiedArn":{"Description":"Current Lambda function version","Value":{"Ref":"S3toEC2TriggerFileLambdaVersion72zSvLKUO1uaK3ws8zyH9sQ6RevwQOOJYjPVUyc85Q"},"Export":{"Name":"sls-ssh-lambda-PROD-S3toEC2TriggerFileLambdaFunctionQualifiedArn"}}}}