[
    {
      "ParameterKey": "IAMRoleName",
      "ParameterValue": "whg-iam-role-loyalty-nonmember-opportunity-glue-prod"
    },
    {
      "ParameterKey": "IAMPolicyName",
      "ParameterValue": "whg-iam-policy-loyalty-nonmember-opportunity-glue-prod"
    },
    {
      "ParameterKey": "JobName",
      "ParameterValue": "WHG-Glue-USW2-Loyalty-NonmemberOpportunity-PROD"
    },
    {
      "ParameterKey": "ScriptBucketName",
      "ParameterValue": "whg-s3-usw2a-codebase-prod"
    },
    {
      "ParameterKey": "SchemaName",
      "ParameterValue": "dwstg"
    },
    {
      "ParameterKey": "LogBucketName",
      "ParameterValue": "whg-s3-usw2a-blueterminal-prod"
    },
    {
      "ParameterKey": "ErrorBucketName",
      "ParameterValue": "whg-s3-usw2a-errorterminal-prod"
    },
    {
      "ParameterKey": "Database",
      "ParameterValue": "dvprod"
    },
    {
      "ParameterKey": "SNSTopicName",
      "ParameterValue": "Loyalty-Nonmember-Opportunity-Alerts-PROD"
    },
    {
      "ParameterKey": "TableName",
      "ParameterValue": "stg_lylty_non_mbr_opprtnty"
    },
    {
      "ParameterKey": "RedshiftConnection",
      "ParameterValue": "Redshift-Prod"
    },
    {
      "ParameterKey": "LoyaltyNonmemberOpportunityGlueLogGroupName",
      "ParameterValue": "/aws/glue/LoyaltyNonmemberOpportunityGlue-PROD"
    },
    {
      "ParameterKey": "AuditTable",
      "ParameterValue": "prcs_cntrl_log"
    },
    {
      "ParameterKey": "ErrorTable",
      "ParameterValue": "stg_glue_error"
    },
    {
      "ParameterKey": "StgErrorTable",
      "ParameterValue": "stg_lylty_non_mbr_opprtnty_error"
    },
    {
      "ParameterKey": "LoadErrorView",
      "ParameterValue": "stl_load_errors_view"
    }
]